,seq,function,dataset
0,WISELGW,antiox,anoxpepred
1,LNGDVW,antiox,anoxpepred
3,DW,antiox,anoxpepred
4,MK,antiox,anoxpepred
9,NQE,antiox,anoxpepred
13,VECYG,antiox,anoxpepred
14,FRSGILKLASKIPSVLCAVLKNC,antiox,anoxpepred
15,TGGGNV,antiox,anoxpepred
18,YLAGMN,antiox,anoxpepred
25,HGGEGGRPYHLGEES,antiox,anoxpepred
27,PPQ,antiox,anoxpepred
36,YQKFPQY,antiox,anoxpepred
44,YQIGL,antiox,anoxpepred
48,PVDENDEG,antiox,anoxpepred
49,SCH,antiox,anoxpepred
56,YAEERYPIL,antiox,anoxpepred
59,HLPLPL,antiox,anoxpepred
63,YFE,antiox,anoxpepred
65,LVGDEQAVPAVCVP,antiox,anoxpepred
67,AAVGGYRVAVL,antiox,anoxpepred
74,DPALATEPDPMPF,antiox,anoxpepred
78,PLFQNKLAHAK,antiox,anoxpepred
84,EERYP,antiox,anoxpepred
87,QWPAQ,antiox,anoxpepred
90,AEEEYPDL,antiox,anoxpepred
96,RPPGFSPFR,antiox,anoxpepred
101,WISELG,antiox,anoxpepred
103,EEEQVGQGYETIRARL,antiox,anoxpepred
115,SVEIQALCDM,antiox,anoxpepred
118,ISELGF,antiox,anoxpepred
129,VKEAMPK,antiox,anoxpepred
133,SFGAKNAVKNGLQKLRNQCQANNYQGPFCDIFKKNP,antiox,anoxpepred
143,AMRLTYNRPGIYAT,antiox,anoxpepred
156,VLVPK,antiox,anoxpepred
158,DVPPYM,antiox,anoxpepred
161,PNRPQF,antiox,anoxpepred
165,AMRLTGNRPCIYAT,antiox,anoxpepred
169,PR,antiox,anoxpepred
174,YYDPL,antiox,anoxpepred
182,FLQEFLHV,antiox,anoxpepred
210,YPPAK,antiox,anoxpepred
218,GPAGPAG,antiox,anoxpepred
226,PWF,antiox,anoxpepred
228,YPIL,antiox,anoxpepred
232,GFRGTIGLVG,antiox,anoxpepred
234,VHDY,antiox,anoxpepred
236,RADHPFL,antiox,anoxpepred
239,PPK,antiox,anoxpepred
240,QCH,antiox,anoxpepred
241,VYPFPGPIPN,antiox,anoxpepred
244,EEYFPVGGDRPESF,antiox,anoxpepred
245,MWL,antiox,anoxpepred
264,LMCH,antiox,anoxpepred
265,LDK,antiox,anoxpepred
276,AKYIPIQYVLSRYPSY,antiox,anoxpepred
278,GGIF,antiox,anoxpepred
286,IAPNYNTRATKL,antiox,anoxpepred
293,GFPSG,antiox,anoxpepred
304,HDHPVC,antiox,anoxpepred
310,IIENGEKWS,antiox,anoxpepred
319,EWPAQ,antiox,anoxpepred
321,WSRRGEREEEDERRR,antiox,anoxpepred
328,VAPFPGVFGK,antiox,anoxpepred
329,VAVDKHDYEPLGHSDIGVY,antiox,anoxpepred
330,ESTTVPERTHPACPDFN,antiox,anoxpepred
331,RADHP,antiox,anoxpepred
332,DGVVYY,antiox,anoxpepred
343,VPKVK,antiox,anoxpepred
356,SGQYFL,antiox,anoxpepred
357,LMGQW,antiox,anoxpepred
361,CYGPNR,antiox,anoxpepred
364,PVMGA,antiox,anoxpepred
375,AMRLTYNKPCLYGT,antiox,anoxpepred
393,YPI,antiox,anoxpepred
395,GNRGFACRHA,antiox,anoxpepred
398,ISELWG,antiox,anoxpepred
402,QHGV,antiox,anoxpepred
407,FFRSKLLSDGAAAKGALLPQYW,antiox,anoxpepred
408,DDPDKGMLKWKNDFFQEF,antiox,anoxpepred
411,YPFPG,antiox,anoxpepred
412,PVSHDHAPEY,antiox,anoxpepred
419,TYQTF,antiox,anoxpepred
421,AEAQKQLR,antiox,anoxpepred
423,PKLPPVKK,antiox,anoxpepred
425,WEIKPSSLTGKSPYFSNNHGKL,antiox,anoxpepred
428,YLLLK,antiox,anoxpepred
429,ACFL,antiox,anoxpepred
431,AGTTCLFTPLALPYDYSH,antiox,anoxpepred
450,KDVPP,antiox,anoxpepred
454,YVAQGEGVVA,antiox,anoxpepred
455,PSDHDHE,antiox,anoxpepred
459,YQEPVLGPVRGPFPIIV,antiox,anoxpepred
465,NRVYIHPFHLLVYS,antiox,anoxpepred
466,YRGGLEPINF,antiox,anoxpepred
468,GFYPPP,antiox,anoxpepred
469,LVDTGRGPIMY,antiox,anoxpepred
491,YSTA,antiox,anoxpepred
506,FLNDFLHV,antiox,anoxpepred
511,DAHK,antiox,anoxpepred
513,IVEYF,antiox,anoxpepred
515,FVAPAGTINY,antiox,anoxpepred
518,YEADARSFHDLAEHDIRV,antiox,anoxpepred
523,HEKVC,antiox,anoxpepred
537,NHRYDR,antiox,anoxpepred
538,YRPPGFSPFR,antiox,anoxpepred
545,YLGAK,antiox,anoxpepred
548,DHHK,antiox,anoxpepred
556,ISELGY,antiox,anoxpepred
557,PGVPWP,antiox,anoxpepred
558,LSGNK,antiox,anoxpepred
559,PSYV,antiox,anoxpepred
564,ADHP,antiox,anoxpepred
571,AMRLTGNRPCLGAT,antiox,anoxpepred
576,RADHPF,antiox,anoxpepred
580,TCSP,antiox,anoxpepred
583,GVQEGAGHYALL,antiox,anoxpepred
587,VQYPVEHPNKFLKFGMTPSKGVLFY,antiox,anoxpepred
609,YA,antiox,anoxpepred
616,FRADHPFL,antiox,anoxpepred
628,WAFS,antiox,anoxpepred
650,LPF,antiox,anoxpepred
659,GFFDRIKALTKNVTLELLNTITCKLPVTPP,antiox,anoxpepred
660,RNR,antiox,anoxpepred
662,KTFCGRH,antiox,anoxpepred
671,MPACGSS,antiox,anoxpepred
678,FLHRP,antiox,anoxpepred
684,GGLEPINFN,antiox,anoxpepred
690,LRGIKNYRVAVL,antiox,anoxpepred
694,FFAPGRNPTSFS,antiox,anoxpepred
696,AMTGLDA,antiox,anoxpepred
697,GLWNTIKEAGKKFALNLLDKIRCGIAGGCKG,antiox,apd3_antiox
698,GLISTIWNTASNVAGTLTDSVKCKFKKC,antiox,apd3_antiox
699,PLGG,antiox,apd3_antiox
700,AELRCMCIKTTSGIHPKNIQSLEVIGKGTHCNQVEVIATLKDGRKICLDPDAPRIKKIVQKKLAGDES,antiox,apd3_antiox
701,GAPKGCWTKSYPPQPCFGKK,antiox,apd3_antiox
702,KKCNFFCKLKKKVKSVGSRNLIGSATHHHRIYRV,antiox,apd3_antiox
703,GWANTLKNVAGGLCKITGAA,antiox,apd3_antiox
704,CVHWMTNTARTACIAP,antiox,apd3_antiox
705,RILTMTKRVKMPQLYKQIVCRLFKTC,antiox,apd3_antiox
706,SSMKLSFRARAYGFRGPGPQL,antiox,apd3_antiox
707,FFSLIPSLVGGLISAFK,antiox,apd3_antiox
708,FLPGLIKAAVGIGSTIFCKISKKC,antiox,apd3_antiox
710,AKAWGIPPHVIPQIVPVRIRPLCGNV,antiox,apd3_antiox
711,GLLDSVKEGLKKVAGQLLDTLKCKISGCTPA,antiox,apd3_antiox
712,FLTGLIGGLMKALGK,antiox,apd3_antiox
713,GLFSKKGGKGGKSWIKGVFKGIKGIGKEVGGDVIRTGIEIAACKIKGEC,antiox,apd3_antiox
714,FLPVLGKVIKLVGGLL,antiox,apd3_antiox
715,SIITMTKEAKLPQLWKQIACRLYNTC,antiox,apd3_antiox
716,FIPGLRRLFATVVPTVVCAINKLPPG,antiox,apd3_antiox
717,FLSGILKLAFKIPSVLCAVLKNC,antiox,apd3_antiox
718,EGCNILCLLKRKVKAVKNVVKNVVKSVVG,antiox,apd3_antiox
719,CVVSSGWKWNYKIRCKLTGNC,antiox,apd3_antiox
720,FLPGLIKVAVGVGSTILCKITKKC,antiox,apd3_antiox
721,FLPMLAGLAANFLPKIICKITKKC,antiox,apd3_antiox
722,FLPFFAACAITRKC,antiox,apd3_antiox
724,FLPGLIKAAVGVGSTILCKITKKC,antiox,apd3_antiox
725,SLFSLIKAGAKFLGKNMLKQGPQYPACKVSKDSENVNWKS,antiox,apd3_antiox
726,GFWDSVKEGLKNAAVTILNKIKCKISECPPA,antiox,apd3_antiox
727,TFE,antiox,biopep_antiox
728,LPWRPATNVF,antiox,biopep_antiox
729,WCTSVS,antiox,biopep_antiox
730,NYVADGLG,antiox,biopep_antiox
731,MLLFPM,antiox,biopep_antiox
732,PWQ,antiox,biopep_antiox
734,RWE,antiox,biopep_antiox
735,YPFVEP,antiox,biopep_antiox
736,RHQ,antiox,biopep_antiox
737,HIH,antiox,biopep_antiox
738,WSY,antiox,biopep_antiox
739,YLAGNQEQE,antiox,biopep_antiox
740,NYY,antiox,biopep_antiox
742,KKY,antiox,biopep_antiox
745,TERGY,antiox,biopep_antiox
747,FLLPH,antiox,biopep_antiox
748,RHPHP,antiox,biopep_antiox
749,KHH,antiox,biopep_antiox
750,NGPLQAGQPGER,antiox,biopep_antiox
752,PWI,antiox,biopep_antiox
753,AMRLTYNRPCIYAT,antiox,biopep_antiox
754,NHAV,antiox,biopep_antiox
755,RHG,antiox,biopep_antiox
756,ALPQYLKTVYQHQK,antiox,biopep_antiox
757,TYY,antiox,biopep_antiox
760,PKAV,antiox,biopep_antiox
761,AW,antiox,biopep_antiox
762,YYR,antiox,biopep_antiox
763,WNIP,antiox,biopep_antiox
765,RHH,antiox,biopep_antiox
766,AGGF,antiox,biopep_antiox
767,YYF,antiox,biopep_antiox
768,AHH,antiox,biopep_antiox
769,PHN,antiox,biopep_antiox
770,ADVFNPR,antiox,biopep_antiox
772,WYSLAM,antiox,biopep_antiox
773,LWS,antiox,biopep_antiox
774,LSKAQSDFG,antiox,biopep_antiox
775,IIAPPER,antiox,biopep_antiox
777,EEEKNRLTKKTKLT,antiox,biopep_antiox
778,DLGLGLPGAH,antiox,biopep_antiox
779,VIPMGL,antiox,biopep_antiox
780,YHY,antiox,biopep_antiox
783,LDY,antiox,biopep_antiox
784,EFIQ,antiox,biopep_antiox
785,VIEPR,antiox,biopep_antiox
787,YKY,antiox,biopep_antiox
788,CGA,antiox,biopep_antiox
789,LPILR,antiox,biopep_antiox
790,SALLRSIPA,antiox,biopep_antiox
791,NEN,antiox,biopep_antiox
792,EELDNALN,antiox,biopep_antiox
793,QCL,antiox,biopep_antiox
794,LGY,antiox,biopep_antiox
795,LHD,antiox,biopep_antiox
797,FCM,antiox,biopep_antiox
798,CHI,antiox,biopep_antiox
799,YPFVVN,antiox,biopep_antiox
800,YPVEPF,antiox,biopep_antiox
801,YPFPGPIN,antiox,biopep_antiox
802,YYV,antiox,biopep_antiox
804,FDEQE,antiox,biopep_antiox
805,YAY,antiox,biopep_antiox
806,QKW,antiox,biopep_antiox
807,NFWWP,antiox,biopep_antiox
809,PHR,antiox,biopep_antiox
810,YQLD,antiox,biopep_antiox
811,KVI,antiox,biopep_antiox
812,NGLEGLK,antiox,biopep_antiox
813,PHM,antiox,biopep_antiox
814,HVIKPPSRA,antiox,biopep_antiox
815,EKDDTGTPITKIELVPSH,antiox,biopep_antiox
816,FVNQPYLLYSVHMK,antiox,biopep_antiox
817,PHI,antiox,biopep_antiox
818,RHA,antiox,biopep_antiox
819,YGLN,antiox,biopep_antiox
820,LLY,antiox,biopep_antiox
821,LWR,antiox,biopep_antiox
822,RYQ,antiox,biopep_antiox
823,PHCKRM,antiox,biopep_antiox
824,YQEPVLGP,antiox,biopep_antiox
825,GKDAVIV,antiox,biopep_antiox
826,RYL,antiox,biopep_antiox
827,YYQ,antiox,biopep_antiox
828,PWV,antiox,biopep_antiox
832,RWN,antiox,biopep_antiox
834,PSIPA,antiox,biopep_antiox
835,GQFNDKRWIPFG,antiox,biopep_antiox
836,PHYL,antiox,biopep_antiox
837,SLVNNDDRDS,antiox,biopep_antiox
838,FYY,antiox,biopep_antiox
839,VLSRYPS,antiox,biopep_antiox
840,DLEE,antiox,biopep_antiox
841,NALEPDHRVESEGG,antiox,biopep_antiox
842,VPVTST,antiox,biopep_antiox
844,WSVWEQELEDR,antiox,biopep_antiox
845,RY,antiox,biopep_antiox
846,LWD,antiox,biopep_antiox
847,ESTVPERTHPACPDFN,antiox,biopep_antiox
848,RWW,antiox,biopep_antiox
849,LPHSGY,antiox,biopep_antiox
850,RWH,antiox,biopep_antiox
851,ALSAF,antiox,biopep_antiox
852,AGDDAPR,antiox,biopep_antiox
853,RWT,antiox,biopep_antiox
854,KGLWE,antiox,biopep_antiox
856,PHW,antiox,biopep_antiox
859,LK,antiox,biopep_antiox
860,TW,antiox,biopep_antiox
861,GTQY,antiox,biopep_antiox
862,VGDI,antiox,biopep_antiox
863,YFY,antiox,biopep_antiox
864,LHY,antiox,biopep_antiox
865,PSHDAHPE,antiox,biopep_antiox
866,VDYP,antiox,biopep_antiox
869,GEGFFEM,antiox,biopep_antiox
870,YYI,antiox,biopep_antiox
871,RGLSK,antiox,biopep_antiox
874,VKAGFAWTANQQLS,antiox,biopep_antiox
875,NADFGLNGLEGLA,antiox,biopep_antiox
876,IEWEGIESGSVEQA,antiox,biopep_antiox
877,YVGD,antiox,biopep_antiox
878,WIRGCRL,antiox,biopep_antiox
879,RHT,antiox,biopep_antiox
880,TSTA,antiox,biopep_antiox
881,YYW,antiox,biopep_antiox
882,IYIEQGNGITGM,antiox,biopep_antiox
883,LHN,antiox,biopep_antiox
884,PHS,antiox,biopep_antiox
885,NHH,antiox,biopep_antiox
886,GDRFQDQHQ,antiox,biopep_antiox
887,PWN,antiox,biopep_antiox
888,GYLEQ,antiox,biopep_antiox
889,LLCVAV,antiox,biopep_antiox
890,CYY,antiox,biopep_antiox
891,HMPVTK,antiox,biopep_antiox
892,MFLG,antiox,biopep_antiox
893,NHK,antiox,biopep_antiox
894,STMMEERRMKVY,antiox,biopep_antiox
895,SYY,antiox,biopep_antiox
896,APSFSDIPNPIGSENSE,antiox,biopep_antiox
897,MY,antiox,biopep_antiox
898,HKEMPFPKYPVEPFTESQ,antiox,biopep_antiox
899,LGF,antiox,biopep_antiox
900,YMY,antiox,biopep_antiox
902,YAKPA,antiox,biopep_antiox
903,WYGPD,antiox,biopep_antiox
904,YGY,antiox,biopep_antiox
905,YYA,antiox,biopep_antiox
907,HHF,antiox,biopep_antiox
908,RHY,antiox,biopep_antiox
909,RYPS,antiox,biopep_antiox
910,NTVPAKSCQAQPTTM,antiox,biopep_antiox
912,LWT,antiox,biopep_antiox
913,IGINAENNQRN,antiox,biopep_antiox
914,VNPESQQGSPR,antiox,biopep_antiox
916,AYPS,antiox,biopep_antiox
918,YGGFM,antiox,biopep_antiox
919,KLSDW,antiox,biopep_antiox
920,AELQVVDHLGQTV,antiox,biopep_antiox
922,GSGGL,antiox,biopep_antiox
923,WDR,antiox,biopep_antiox
924,LMSYMWSTSM,antiox,biopep_antiox
925,GWNIP,antiox,biopep_antiox
926,YVY,antiox,biopep_antiox
927,RDMPIQ,antiox,biopep_antiox
928,LWY,antiox,biopep_antiox
929,HWH,antiox,biopep_antiox
930,LARL,antiox,biopep_antiox
931,AMRLTGNRPGLYAT,antiox,biopep_antiox
933,PYPQ,antiox,biopep_antiox
935,PHK,antiox,biopep_antiox
936,AMRLTYNRPCLGAT,antiox,biopep_antiox
937,LALPA,antiox,biopep_antiox
938,YGLF,antiox,biopep_antiox
939,HAH,antiox,biopep_antiox
941,GTW,antiox,biopep_antiox
942,PWG,antiox,biopep_antiox
943,YYN,antiox,biopep_antiox
944,YYD,antiox,biopep_antiox
945,GFVG,antiox,biopep_antiox
946,YVL,antiox,biopep_antiox
947,WG,antiox,biopep_antiox
948,IQY,antiox,biopep_antiox
949,LVSK,antiox,biopep_antiox
950,ETTL,antiox,biopep_antiox
951,LPM,antiox,biopep_antiox
952,YLMSR,antiox,biopep_antiox
953,GFGPEL,antiox,biopep_antiox
954,AYY,antiox,biopep_antiox
955,SVMPVVA,antiox,biopep_antiox
956,AGWNIP,antiox,biopep_antiox
957,WYSLAMAASDI,antiox,biopep_antiox
958,FVAGK,antiox,biopep_antiox
959,GAA,antiox,biopep_antiox
960,DEQIPSHPPR,antiox,biopep_antiox
961,YGIKVGYAIP,antiox,biopep_antiox
962,FHNMEK,antiox,biopep_antiox
963,APIRMWYMYRKLTDMEPKPVA,antiox,biopep_antiox
964,GHH,antiox,biopep_antiox
965,IKL,antiox,biopep_antiox
966,TIASGEP,antiox,biopep_antiox
968,YPQLLPNE,antiox,biopep_antiox
969,LLPF,antiox,biopep_antiox
971,AMRLTYNRPGLYAT,antiox,biopep_antiox
972,VKV,antiox,biopep_antiox
973,SVLGTGC,antiox,biopep_antiox
974,WVSPLAGRT,antiox,biopep_antiox
975,FIARNFLLGW,antiox,biopep_antiox
976,IRW,antiox,biopep_antiox
977,MM,antiox,biopep_antiox
978,HQIYPV,antiox,biopep_antiox
979,YNY,antiox,biopep_antiox
980,PHL,antiox,biopep_antiox
981,DSGVT,antiox,biopep_antiox
982,FLKPLFNAALKLLP,antiox,biopep_antiox
983,QIESW,antiox,biopep_antiox
984,GGE,antiox,biopep_antiox
985,GPLGLLGFLGPLGLS,antiox,biopep_antiox
986,RYLGY,antiox,biopep_antiox
988,VKL,antiox,biopep_antiox
989,YGFL,antiox,biopep_antiox
990,RWY,antiox,biopep_antiox
991,PAGY,antiox,biopep_antiox
992,VAPEEHPV,antiox,biopep_antiox
993,RHD,antiox,biopep_antiox
994,IREADIDGDGQVN,antiox,biopep_antiox
995,PHD,antiox,biopep_antiox
996,AADNANELFPPN,antiox,biopep_antiox
997,PHT,antiox,biopep_antiox
998,EFQI,antiox,biopep_antiox
999,TY,antiox,biopep_antiox
1001,RDKVYR,antiox,biopep_antiox
1002,HFH,antiox,biopep_antiox
1004,IPAGV,antiox,biopep_antiox
1005,RDY,antiox,biopep_antiox
1006,LW,antiox,biopep_antiox
1007,LQL,antiox,biopep_antiox
1008,CAAP,antiox,biopep_antiox
1009,VY,antiox,biopep_antiox
1010,WAFAPA,antiox,biopep_antiox
1011,HNPI,antiox,biopep_antiox
1012,YVEEL,antiox,biopep_antiox
1013,SDRDLLGPNNQYLPK,antiox,biopep_antiox
1014,RHL,antiox,biopep_antiox
1015,LQPGQGQQ,antiox,biopep_antiox
1016,THH,antiox,biopep_antiox
1018,YLGYLE,antiox,biopep_antiox
1019,YPEL,antiox,biopep_antiox
1020,LKYPI,antiox,biopep_antiox
1021,LAC,antiox,biopep_antiox
1022,GALAAH,antiox,biopep_antiox
1023,ARHPHP,antiox,biopep_antiox
1024,HKH,antiox,biopep_antiox
1025,DEDTQAMP,antiox,biopep_antiox
1026,LHQ,antiox,biopep_antiox
1028,QGAR,antiox,biopep_antiox
1029,LTTLDSE,antiox,biopep_antiox
1030,WEGPK,antiox,biopep_antiox
1031,LEQQVDDLEGSLEQEKK,antiox,biopep_antiox
1033,LSNGK,antiox,biopep_antiox
1034,YPW,antiox,biopep_antiox
1035,AWIRGCRL,antiox,biopep_antiox
1036,QNWDFCEAWEPCF,antiox,biopep_antiox
1037,MQFHT,antiox,biopep_antiox
1038,YEY,antiox,biopep_antiox
1039,LKP,antiox,biopep_antiox
1040,PHHADS,antiox,biopep_antiox
1041,ISELGW,antiox,biopep_antiox
1043,VPNSYP,antiox,biopep_antiox
1044,MYY,antiox,biopep_antiox
1046,FKK,antiox,biopep_antiox
1047,AWDPE,antiox,biopep_antiox
1048,PEILPDGDHD,antiox,biopep_antiox
1049,IPIQYVL,antiox,biopep_antiox
1051,HEQKEEHEWHRKEE,antiox,biopep_antiox
1053,KCL,antiox,biopep_antiox
1054,LWN,antiox,biopep_antiox
1055,VCSV,antiox,biopep_antiox
1056,RHK,antiox,biopep_antiox
1057,GEC,antiox,biopep_antiox
1058,PMDYMVT,antiox,biopep_antiox
1059,LWI,antiox,biopep_antiox
1060,LHL,antiox,biopep_antiox
1061,KVEGDLK,antiox,biopep_antiox
1062,LKQELEDLLEKQE,antiox,biopep_antiox
1063,MPACGS,antiox,biopep_antiox
1064,PEL,antiox,biopep_antiox
1065,DHTKE,antiox,biopep_antiox
1066,FGHPY,antiox,biopep_antiox
1067,YFYPEL,antiox,biopep_antiox
1068,SDPPLVFVG,antiox,biopep_antiox
1069,YWVTSGPK,antiox,biopep_antiox
1070,IRWWW,antiox,biopep_antiox
1071,NLNQCQRYM,antiox,biopep_antiox
1072,YNI,antiox,biopep_antiox
1073,SVYT,antiox,biopep_antiox
1074,RHM,antiox,biopep_antiox
1076,IHH,antiox,biopep_antiox
1077,ISW,antiox,biopep_antiox
1078,YNL,antiox,biopep_antiox
1079,LHA,antiox,biopep_antiox
1080,IPAGM,antiox,biopep_antiox
1081,PWH,antiox,biopep_antiox
1082,AIEWEGIESGSVEQA,antiox,biopep_antiox
1084,PHA,antiox,biopep_antiox
1085,GPVRGPFPII,antiox,biopep_antiox
1086,VLPVPQK,antiox,biopep_antiox
1087,TVYQ,antiox,biopep_antiox
1088,YRY,antiox,biopep_antiox
1089,FSEY,antiox,biopep_antiox
1090,RYLGYLE,antiox,biopep_antiox
1091,YEDCTDCGN,antiox,biopep_antiox
1092,YPFPGPIP,antiox,biopep_antiox
1093,VAMVPPFET,antiox,biopep_antiox
1095,LANAK,antiox,biopep_antiox
1096,MPDAHL,antiox,biopep_antiox
1097,PWE,antiox,biopep_antiox
1098,GPP,antiox,biopep_antiox
1099,YVE,antiox,biopep_antiox
1100,YIPIQY,antiox,biopep_antiox
1101,LHE,antiox,biopep_antiox
1102,PSLVGRPPVGKLTL,antiox,biopep_antiox
1103,YYT,antiox,biopep_antiox
1104,EQEEEESTGRMK,antiox,biopep_antiox
1105,EFQL,antiox,biopep_antiox
1106,AHK,antiox,biopep_antiox
1107,LYY,antiox,biopep_antiox
1108,FLPE,antiox,biopep_antiox
1109,RWQ,antiox,biopep_antiox
1110,KYY,antiox,biopep_antiox
1111,YSY,antiox,biopep_antiox
1113,PWS,antiox,biopep_antiox
1114,AMRLTGNRPCIGAT,antiox,biopep_antiox
1117,LHS,antiox,biopep_antiox
1118,PHG,antiox,biopep_antiox
1119,VKP,antiox,biopep_antiox
1120,FKGPACA,antiox,biopep_antiox
1121,WLMSA,antiox,biopep_antiox
1122,EAVQ,antiox,biopep_antiox
1123,YLG,antiox,biopep_antiox
1124,PIAAEVYEHTEGSTTSY,antiox,biopep_antiox
1125,LWF,antiox,biopep_antiox
1127,YLKT,antiox,biopep_antiox
1129,FFGFN,antiox,biopep_antiox
1130,YGGFL,antiox,biopep_antiox
1131,PYFNK,antiox,biopep_antiox
1132,AAAPVAVAK,antiox,biopep_antiox
1133,LPL,antiox,biopep_antiox
1134,RW,antiox,biopep_antiox
1135,TDY,antiox,biopep_antiox
1136,VGGRP,antiox,biopep_antiox
1137,GWNI,antiox,biopep_antiox
1138,PWT,antiox,biopep_antiox
1139,IQW,antiox,biopep_antiox
1140,LAGNPHQQQQN,antiox,biopep_antiox
1141,QYP,antiox,biopep_antiox
1142,LHK,antiox,biopep_antiox
1143,AEERYP,antiox,biopep_antiox
1144,CLV,antiox,biopep_antiox
1145,NIQFNEQKAL,antiox,biopep_antiox
1146,LELHKLRSSHWFSRR,antiox,biopep_antiox
1147,DRVYIHPFHL,antiox,biopep_antiox
1148,MHI,antiox,biopep_antiox
1149,LQGM,antiox,biopep_antiox
1150,MWKVW,antiox,biopep_antiox
1151,LEEAF,antiox,biopep_antiox
1152,SQSKVLPVPQKAVPYPQ,antiox,biopep_antiox
1153,YGYTGA,antiox,biopep_antiox
1154,WSVPQPK,antiox,biopep_antiox
1155,IR,antiox,biopep_antiox
1156,VHH,antiox,biopep_antiox
1157,GAH,antiox,biopep_antiox
1158,HNLDTQTESDV,antiox,biopep_antiox
1159,LHV,antiox,biopep_antiox
1160,YQKFP,antiox,biopep_antiox
1162,ADGF,antiox,biopep_antiox
1163,APLEEPSSPH,antiox,biopep_antiox
1165,LAPSTIK,antiox,biopep_antiox
1166,VVLY,antiox,biopep_antiox
1167,FLKKISQRYQKF,antiox,biopep_antiox
1168,LPAGV,antiox,biopep_antiox
1169,YIY,antiox,biopep_antiox
1170,IQPKTKVIPYVRYL,antiox,biopep_antiox
1171,YDY,antiox,biopep_antiox
1172,VPSIDDQEELM,antiox,biopep_antiox
1173,LEDGLK,antiox,biopep_antiox
1174,VYY,antiox,biopep_antiox
1175,LHT,antiox,biopep_antiox
1176,RHE,antiox,biopep_antiox
1177,YSEMPPGK,antiox,biopep_antiox
1178,YCY,antiox,biopep_antiox
1179,HHH,antiox,biopep_antiox
1180,VKRRGQDCIHGFCSD,antiox,biopep_antiox
1181,MRKPQQEEDDDDE,antiox,biopep_antiox
1183,KAI,antiox,biopep_antiox
1184,ACQ,antiox,biopep_antiox
1185,PHF,antiox,biopep_antiox
1186,YQL,antiox,biopep_antiox
1187,TPCPPQ,antiox,biopep_antiox
1188,HHY,antiox,biopep_antiox
1189,IYY,antiox,biopep_antiox
1190,QVVPYPQ,antiox,biopep_antiox
1191,EHH,antiox,biopep_antiox
1192,LGFEYY,antiox,biopep_antiox
1193,WDDMEK,antiox,biopep_antiox
1194,EFLQ,antiox,biopep_antiox
1195,YQEP,antiox,biopep_antiox
1196,VIAPW,antiox,biopep_antiox
1197,VVPPFLQPE,antiox,biopep_antiox
1198,CQC,antiox,biopep_antiox
1199,CSQAPLA,antiox,biopep_antiox
1200,YYIVS,antiox,biopep_antiox
1201,HHW,antiox,biopep_antiox
1202,PWY,antiox,biopep_antiox
1203,IEEAF,antiox,biopep_antiox
1204,WYSL,antiox,biopep_antiox
1205,LWA,antiox,biopep_antiox
1206,HYH,antiox,biopep_antiox
1207,YETGNGIK,antiox,biopep_antiox
1208,LTEQESGVPVMK,antiox,biopep_antiox
1210,GPGGFI,antiox,biopep_antiox
1211,YFLWP,antiox,biopep_antiox
1212,YPKLAPNE,antiox,biopep_antiox
1213,VYV,antiox,biopep_antiox
1214,SRYPS,antiox,biopep_antiox
1215,EDELQDKIHPF,antiox,biopep_antiox
1216,LLR,antiox,biopep_antiox
1217,EYY,antiox,biopep_antiox
1218,AYFYPEL,antiox,biopep_antiox
1219,SEGFEW,antiox,biopep_antiox
1220,RNDDLNYIQ,antiox,biopep_antiox
1222,YYL,antiox,biopep_antiox
1223,WYSLA,antiox,biopep_antiox
1224,MEMK,antiox,biopep_antiox
1225,WRNRCKGTD,antiox,biopep_antiox
1226,YGFLP,antiox,biopep_antiox
1227,VIESPPEINTVQ,antiox,biopep_antiox
1228,VPYPQ,antiox,biopep_antiox
1229,HIQKEDVPSER,antiox,biopep_antiox
1230,HGPLGPL,antiox,biopep_antiox
1231,DHH,antiox,biopep_antiox
1232,RHR,antiox,biopep_antiox
1233,EQC,antiox,biopep_antiox
1234,EAK,antiox,biopep_antiox
1235,VLWEE,antiox,biopep_antiox
1237,KYL,antiox,biopep_antiox
1238,EDDQMDPMAK,antiox,biopep_antiox
1239,WY,antiox,biopep_antiox
1240,YYY,antiox,biopep_antiox
1241,RHI,antiox,biopep_antiox
1242,AWFS,antiox,biopep_antiox
1243,AIGVGAIER,antiox,biopep_antiox
1244,KHQGLPQEVLNENLL,antiox,biopep_antiox
1245,NAPVSIPQ,antiox,biopep_antiox
1247,HVRETALV,antiox,biopep_antiox
1248,LEELEEELEGCE,antiox,biopep_antiox
1249,WVWWW,antiox,biopep_antiox
1251,WHH,antiox,biopep_antiox
1252,GSH,antiox,biopep_antiox
1253,FWG,antiox,biopep_antiox
1254,IANNEADAISLDGGQVFEAG,antiox,biopep_antiox
1255,GFGPGL,antiox,biopep_antiox
1256,YASVV,antiox,biopep_antiox
1257,NYKQM,antiox,biopep_antiox
1258,LLGPGLTNHA,antiox,biopep_antiox
1259,AVPYPQR,antiox,biopep_antiox
1260,PWL,antiox,biopep_antiox
1261,CERPTCCEHS,antiox,biopep_antiox
1262,VKEAMAPK,antiox,biopep_antiox
1263,VKCFR,antiox,biopep_antiox
1264,HFGDPFH,antiox,biopep_antiox
1266,TEFTK,antiox,biopep_antiox
1267,WYT,antiox,biopep_antiox
1268,VLYEE,antiox,biopep_antiox
1269,FWKVV,antiox,biopep_antiox
1270,FDPFPK,antiox,biopep_antiox
1271,RHF,antiox,biopep_antiox
1272,YPELF,antiox,biopep_antiox
1273,PWD,antiox,biopep_antiox
1274,LVMFLDNQHRVIRH,antiox,biopep_antiox
1275,GVPLT,antiox,biopep_antiox
1276,YWY,antiox,biopep_antiox
1277,GGTCVIRGCVPKKLM,antiox,biopep_antiox
1278,CME,antiox,biopep_antiox
1279,LFV,antiox,biopep_antiox
1280,YYM,antiox,biopep_antiox
1281,RWI,antiox,biopep_antiox
1282,SALAM,antiox,biopep_antiox
1283,RHV,antiox,biopep_antiox
1284,VEGNLQVLRPR,antiox,biopep_antiox
1285,SNLCRPCG,antiox,biopep_antiox
1287,LWK,antiox,biopep_antiox
1288,WYS,antiox,biopep_antiox
1289,TWKVV,antiox,biopep_antiox
1290,LHG,antiox,biopep_antiox
1291,YQK,antiox,biopep_antiox
1293,PHV,antiox,biopep_antiox
1294,WPP,antiox,biopep_antiox
1295,PHQ,antiox,biopep_antiox
1297,AYI,antiox,biopep_antiox
1298,RHW,antiox,biopep_antiox
1299,HVH,antiox,biopep_antiox
1300,RWG,antiox,biopep_antiox
1301,AWEEREQGSR,antiox,biopep_antiox
1302,YYH,antiox,biopep_antiox
1303,LHM,antiox,biopep_antiox
1304,IEAEGE,antiox,biopep_antiox
1305,VAWRNRCKGTD,antiox,biopep_antiox
1306,YLY,antiox,biopep_antiox
1308,KD,antiox,biopep_antiox
1310,ELLI,antiox,biopep_antiox
1311,KVLPVPQK,antiox,biopep_antiox
1312,GAWA,antiox,biopep_antiox
1313,LHR,antiox,biopep_antiox
1314,VGGDGDV,antiox,biopep_antiox
1315,RWR,antiox,biopep_antiox
1316,FIGP,antiox,biopep_antiox
1317,VVKL,antiox,biopep_antiox
1318,FC,antiox,biopep_antiox
1319,RWA,antiox,biopep_antiox
1320,YPWT,antiox,biopep_antiox
1321,IGFLIIWV,antiox,biopep_antiox
1322,DAQEKLE,antiox,biopep_antiox
1323,EL,antiox,biopep_antiox
1324,MHIRL,antiox,biopep_antiox
1325,LPTSEAAKY,antiox,biopep_antiox
1326,MILMR,antiox,biopep_antiox
1327,ARHPHPHLSFM,antiox,biopep_antiox
1328,LNLPTAVYMVT,antiox,biopep_antiox
1329,PWW,antiox,biopep_antiox
1330,HRH,antiox,biopep_antiox
1331,GKHQQEEENEGGSI,antiox,biopep_antiox
1332,LTEIIP,antiox,biopep_antiox
1333,VPSGK,antiox,biopep_antiox
1334,HVCYMF,antiox,biopep_antiox
1335,IDLGTTY,antiox,biopep_antiox
1336,AYFYPE,antiox,biopep_antiox
1337,FPQY,antiox,biopep_antiox
1338,LWV,antiox,biopep_antiox
1339,YFYPQL,antiox,biopep_antiox
1340,DHG,antiox,biopep_antiox
1341,NKGPR,antiox,biopep_antiox
1343,AGNDGFEYVTLK,antiox,biopep_antiox
1344,GIISHR,antiox,biopep_antiox
1346,VKVLLEHPVL,antiox,biopep_antiox
1347,YPFPGPI,antiox,biopep_antiox
1348,RHN,antiox,biopep_antiox
1349,LFC,antiox,biopep_antiox
1350,DYY,antiox,biopep_antiox
1351,VHHANEN,antiox,biopep_antiox
1353,VW,antiox,biopep_antiox
1354,SHH,antiox,biopep_antiox
1355,LAGKPQQEHSGEHQ,antiox,biopep_antiox
1356,LNALEPDNTVQSEAGTIETWNPK,antiox,biopep_antiox
1357,YPFVE,antiox,biopep_antiox
1358,LTTLDS,antiox,biopep_antiox
1359,LYEGY,antiox,biopep_antiox
1360,VFL,antiox,biopep_antiox
1361,IYPF,antiox,biopep_antiox
1362,LTC,antiox,biopep_antiox
1363,MHH,antiox,biopep_antiox
1364,PKAVHE,antiox,biopep_antiox
1365,DRVYIHPF,antiox,biopep_antiox
1366,FMPLH,antiox,biopep_antiox
1367,LWH,antiox,biopep_antiox
1368,SVL,antiox,biopep_antiox
1369,WLP,antiox,biopep_antiox
1371,WYSLAMA,antiox,biopep_antiox
1372,YYC,antiox,biopep_antiox
1373,IAAEVYEHTEGSTTSY,antiox,biopep_antiox
1374,FHH,antiox,biopep_antiox
1375,IDDVLK,antiox,biopep_antiox
1376,RLKKY,antiox,biopep_antiox
1377,LGFEY,antiox,biopep_antiox
1378,YYS,antiox,biopep_antiox
1379,MYPGLA,antiox,biopep_antiox
1380,FAPVPFDF,antiox,biopep_antiox
1381,IRGCRL,antiox,biopep_antiox
1382,YPLDLF,antiox,biopep_antiox
1384,LVEKGDVAFI,antiox,biopep_antiox
1385,GQVPP,antiox,biopep_antiox
1386,LWM,antiox,biopep_antiox
1387,PFPEVFGKE,antiox,biopep_antiox
1388,YAKP,antiox,biopep_antiox
1391,YYG,antiox,biopep_antiox
1392,MTEEY,antiox,biopep_antiox
1393,DKTEIPTINTIASGEPT,antiox,biopep_antiox
1395,SGAF,antiox,biopep_antiox
1396,AH,antiox,biopep_antiox
1397,LGLNGDDVN,antiox,biopep_antiox
1398,LHF,antiox,biopep_antiox
1399,PHE,antiox,biopep_antiox
1401,RHS,antiox,biopep_antiox
1402,DNLLN,antiox,biopep_antiox
1403,MWC,antiox,biopep_antiox
1404,KFPE,antiox,biopep_antiox
1405,LAPSLPGKPKPD,antiox,biopep_antiox
1406,KP,antiox,biopep_antiox
1407,YLGY,antiox,biopep_antiox
1408,QYY,antiox,biopep_antiox
1409,PYSFK,antiox,biopep_antiox
1410,QYDQGV,antiox,biopep_antiox
1411,RPDFDLEPPY,antiox,biopep_antiox
1412,QHH,antiox,biopep_antiox
1413,RASDPLLSV,antiox,biopep_antiox
1414,NPYVPR,antiox,biopep_antiox
1415,YLAGKPQQEH,antiox,biopep_antiox
1416,SWN,antiox,biopep_antiox
1417,VLPVPQKKVLPVPQK,antiox,biopep_antiox
1418,FEQL,antiox,biopep_antiox
1419,QGPIVLNPWDQVKR,antiox,biopep_antiox
1420,LQAEQDDR,antiox,biopep_antiox
1421,VAGTWY,antiox,biopep_antiox
1422,TGC,antiox,biopep_antiox
1423,DVFRELRVQ,antiox,biopep_antiox
1424,AGWNI,antiox,biopep_antiox
1425,WHNVSGSP,antiox,biopep_antiox
1426,PHY,antiox,biopep_antiox
1427,ACA,antiox,biopep_antiox
1429,HYY,antiox,biopep_antiox
1430,GGRP,antiox,biopep_antiox
1431,FALPQYLK,antiox,biopep_antiox
1432,PYVRYL,antiox,biopep_antiox
1433,GEGSGA,antiox,biopep_antiox
1434,YLL,antiox,biopep_antiox
1435,WEN,antiox,biopep_antiox
1437,LWW,antiox,biopep_antiox
1438,HEH,antiox,biopep_antiox
1439,YYE,antiox,biopep_antiox
1440,QQRQQQGL,antiox,biopep_antiox
1441,YQY,antiox,biopep_antiox
1442,VDHDHPE,antiox,biopep_antiox
1443,GIFE,antiox,biopep_antiox
1444,DWDPK,antiox,biopep_antiox
1445,FGF,antiox,biopep_antiox
1446,FIKK,antiox,biopep_antiox
1447,FVDAQPQQKEEG,antiox,biopep_antiox
1448,WYY,antiox,biopep_antiox
1449,SHDAHPE,antiox,biopep_antiox
1450,FYPEL,antiox,biopep_antiox
1451,PWA,antiox,biopep_antiox
1452,CAQ,antiox,biopep_antiox
1453,HYVPV,antiox,biopep_antiox
1454,AMRLTYNRPGLGAT,antiox,biopep_antiox
1455,LWG,antiox,biopep_antiox
1456,QLGNLGV,antiox,biopep_antiox
1457,LGNTDYAVH,antiox,biopep_antiox
1458,FYQL,antiox,biopep_antiox
1459,IKK,antiox,biopep_antiox
1460,VVGGDGDV,antiox,biopep_antiox
1461,HDH,antiox,biopep_antiox
1462,AGPSIVH,antiox,biopep_antiox
1463,YLYP,antiox,biopep_antiox
1464,VPKNYFHDIV,antiox,biopep_antiox
1465,LSGYGP,antiox,biopep_antiox
1466,TEVWDSNEQ,antiox,biopep_antiox
1467,YYK,antiox,biopep_antiox
1468,LWQ,antiox,biopep_antiox
1470,VSYT,antiox,biopep_antiox
1471,PSKYEPFV,antiox,biopep_antiox
1472,FDSGPAGVL,antiox,biopep_antiox
1474,SNAAC,antiox,biopep_antiox
1475,FEQI,antiox,biopep_antiox
1476,LHI,antiox,biopep_antiox
1477,GLTSK,antiox,biopep_antiox
1478,AY,antiox,biopep_antiox
1479,PWR,antiox,biopep_antiox
1480,YDDGSYKPH,antiox,biopep_antiox
1481,DYK,antiox,biopep_antiox
1482,YTY,antiox,biopep_antiox
1483,LPGPILSSFPQ,antiox,biopep_antiox
1484,LHW,antiox,biopep_antiox
1485,RWL,antiox,biopep_antiox
1486,ECA,antiox,biopep_antiox
1487,RYLG,antiox,biopep_antiox
1488,RYY,antiox,biopep_antiox
1490,AGWNIPIGT,antiox,biopep_antiox
1491,LWE,antiox,biopep_antiox
1492,AMRLTGNRPCLYAT,antiox,biopep_antiox
1495,ASDEQDSVRL,antiox,biopep_antiox
1496,APGAGVY,antiox,plantpepdb_antiox
1497,LDSCKDYVME,antiox,plantpepdb_antiox
1498,FLVPPQE,antiox,plantpepdb_antiox
1499,GKGIFG,antiox,plantpepdb_antiox
1500,TELAL,antiox,plantpepdb_antiox
1501,HH,antiox,plantpepdb_antiox
1502,VVVVPH,antiox,plantpepdb_antiox
1503,HL,antiox,plantpepdb_antiox
1504,PQIPEQF,antiox,plantpepdb_antiox
1505,SDF,antiox,plantpepdb_antiox
1506,VSKSVLVK,antiox,plantpepdb_antiox
1507,LVNPHDHQN,antiox,plantpepdb_antiox
1508,LQPGQGQQG,antiox,plantpepdb_antiox
1509,AGFAGDDAPR,antiox,plantpepdb_antiox
1510,LGTFQN,antiox,plantpepdb_antiox
1511,LLAQA,antiox,plantpepdb_antiox
1512,HHLGGAKQAGDV,antiox,plantpepdb_antiox
1513,DHHQ,antiox,plantpepdb_antiox
1514,TTYY,antiox,plantpepdb_antiox
1515,TSVEIITSSK,antiox,plantpepdb_antiox
1516,WVYY,antiox,plantpepdb_antiox
1517,YGNWLYK,antiox,plantpepdb_antiox
1518,FRDEHKK,antiox,plantpepdb_antiox
1519,LLPH,antiox,plantpepdb_antiox
1520,AIRQGDVF,antiox,plantpepdb_antiox
1521,MDGAP,antiox,plantpepdb_antiox
1522,LRTLPM,antiox,plantpepdb_antiox
1523,KKVGYNPDKIPFVPISGFEGDNMIER,antiox,plantpepdb_antiox
1524,MRWRD,antiox,plantpepdb_antiox
1525,IKGTIAGGGVIPH,antiox,plantpepdb_antiox
1526,IPSEVLS,antiox,plantpepdb_antiox
1527,SDYLNNNPLFPRYDIGNVELSTAYRSFANQKAPGRLNQNWALTADYTYR,antiox,plantpepdb_antiox
1528,LTADILPR,antiox,plantpepdb_antiox
1529,LLPGANH,antiox,plantpepdb_antiox
1530,GYY,antiox,plantpepdb_antiox
1531,FPFPRPPHQ,antiox,plantpepdb_antiox
1532,LLMQ,antiox,plantpepdb_antiox
1533,KGIFG,antiox,plantpepdb_antiox
1534,NLPLL,antiox,plantpepdb_antiox
1535,VFPW,antiox,plantpepdb_antiox
1536,KHNRGDEF,antiox,plantpepdb_antiox
1537,LPYY,antiox,plantpepdb_antiox
1538,DSEGHRTAPCYVMKILF,antiox,plantpepdb_antiox
1539,LLAH,antiox,plantpepdb_antiox
1540,VLLHLK,antiox,plantpepdb_antiox
1541,HLPH,antiox,plantpepdb_antiox
1542,ENLQNYRLL,antiox,plantpepdb_antiox
1543,IGGIGTVPVGR,antiox,plantpepdb_antiox
1544,LYSPH,antiox,plantpepdb_antiox
1545,SKWQHQQDSCRKQKQGVNLTPCEKHIMEKIQGRGDDDDDDDDD,antiox,plantpepdb_antiox
1546,AFGPE,antiox,plantpepdb_antiox
1547,TVVPPKGGSFYPGETTPLQQ,antiox,plantpepdb_antiox
1548,TVVPPKGGSFYPGETTP,antiox,plantpepdb_antiox
1549,FDGEVK,antiox,plantpepdb_antiox
1550,IAYKPAG,antiox,plantpepdb_antiox
1551,CARLNCVPKGTSGNTETCPCYASLHSCRKYG,antiox,plantpepdb_antiox
1552,HHP,antiox,plantpepdb_antiox
1553,EEGGSV,antiox,plantpepdb_antiox
1554,ADF,antiox,plantpepdb_antiox
1555,SGYYMH,antiox,plantpepdb_antiox
1556,AIILHQQQ,antiox,plantpepdb_antiox
1557,MIAFNKEQDTDLQSK,antiox,plantpepdb_antiox
1558,LGQQQPFPPQQPYPQPQPFPSQQPY,antiox,plantpepdb_antiox
1559,VPLSPT,antiox,plantpepdb_antiox
1560,IIGATNPAESAPGTIR,antiox,plantpepdb_antiox
1561,AMPVEVVQF,antiox,plantpepdb_antiox
1562,LLHH,antiox,plantpepdb_antiox
1563,FLPF,antiox,plantpepdb_antiox
1564,LLES,antiox,plantpepdb_antiox
1565,FVPH,antiox,plantpepdb_antiox
1566,LYTPH,antiox,plantpepdb_antiox
1567,IPSEVLA,antiox,plantpepdb_antiox
1568,GPIYSNEFGKF,antiox,plantpepdb_antiox
1569,GPIYSNEFGKFF,antiox,plantpepdb_antiox
1570,REGGGGGYGGGGGGYGGR,antiox,plantpepdb_antiox
1571,DGDPLLDQ,antiox,plantpepdb_antiox
1572,LQSGDALRVPSGTTYY,antiox,plantpepdb_antiox
1573,ANSLLN,antiox,plantpepdb_antiox
1574,QKPFPQQPPF,antiox,plantpepdb_antiox
1575,TTAGILLPEK,antiox,plantpepdb_antiox
1576,PW,antiox,plantpepdb_antiox
1577,AGLQFPVGR,antiox,plantpepdb_antiox
1578,NTGNLLG,antiox,plantpepdb_antiox
1579,AEYVRLY,antiox,plantpepdb_antiox
1580,LTPTSN,antiox,plantpepdb_antiox
1581,GTFLQPHQ,antiox,plantpepdb_antiox
1582,VETGVIKPGM,antiox,plantpepdb_antiox
1583,FGPEMEQ,antiox,plantpepdb_antiox
1584,HLHP,antiox,plantpepdb_antiox
1585,QLNEPDNRLQ,antiox,plantpepdb_antiox
1586,GANSLLN,antiox,plantpepdb_antiox
1587,KNILE,antiox,plantpepdb_antiox
1588,SVNVPL,antiox,plantpepdb_antiox
1589,RDPIYS,antiox,plantpepdb_antiox
1590,YFPTQALNFAFK,antiox,plantpepdb_antiox
1591,YGPQQQE,antiox,plantpepdb_antiox
1592,LHALLL,antiox,plantpepdb_antiox
1593,LAQGTFLQPHQ,antiox,plantpepdb_antiox
1594,NLGNPE,antiox,plantpepdb_antiox
1595,LHPH,antiox,plantpepdb_antiox
1596,FLGQQQPFPPQQPYPQPQPFPSQQPY,antiox,plantpepdb_antiox
1597,KHFLA,antiox,plantpepdb_antiox
1598,KHDRGDEF,antiox,plantpepdb_antiox
1599,TRTGDPFF,antiox,plantpepdb_antiox
1600,VGAPSVS,antiox,plantpepdb_antiox
1601,GGGGYGGGGGGYGGGGGGY,antiox,plantpepdb_antiox
1602,HPLH,antiox,plantpepdb_antiox
1603,LNSGDALRVPSGTTYY,antiox,plantpepdb_antiox
1604,NLGDPS,antiox,plantpepdb_antiox
1605,TSLDLPVLRW,antiox,plantpepdb_antiox
1606,VLPPQQQY,antiox,plantpepdb_antiox
1607,YGVSGYPTLK,antiox,plantpepdb_antiox
1608,VVVNIPPTLK,antiox,plantpepdb_antiox
1609,LLTC,antiox,plantpepdb_antiox
1610,VIPAGYP,antiox,plantpepdb_antiox
1611,LRIPVA,antiox,plantpepdb_antiox
1612,STTTGHLIYK,antiox,plantpepdb_antiox
1613,GLLGKNFTSK,antiox,plantpepdb_antiox
1614,MFIF,antiox,plantpepdb_antiox
1615,MGSPT,antiox,plantpepdb_antiox
1616,IILHQQQ,antiox,plantpepdb_antiox
1617,LRENNKLMLLELK,antiox,plantpepdb_antiox
1618,GGVLPNINPVL,antiox,plantpepdb_antiox
1619,AIILHQQ,antiox,plantpepdb_antiox
1620,HPHL,antiox,plantpepdb_antiox
1621,LLPHHH,antiox,plantpepdb_antiox
1622,GTIAGGGVIPH,antiox,plantpepdb_antiox
1623,VMTVHNTPY,antiox,plantpepdb_antiox
1624,IY,antiox,plantpepdb_antiox
1625,AAPFPGQKSLQR,antiox,plantpepdb_antiox
1626,VNPHDHQN,antiox,plantpepdb_antiox
1627,PSIVGRP,antiox,plantpepdb_antiox
1628,VVNE,antiox,plantpepdb_antiox
1629,WPL,antiox,plantpepdb_antiox
1630,TVTSLDLPVLRW,antiox,plantpepdb_antiox
1631,KGALG,antiox,plantpepdb_antiox
1632,VPPSKLSP,antiox,plantpepdb_antiox
1633,TETWNPNHPEL,antiox,plantpepdb_antiox
1634,VLDTGLAGA,antiox,plantpepdb_antiox
1635,PSLPA,antiox,plantpepdb_antiox
1636,DPAQPNYPWTAVLVFRH,antiox,plantpepdb_antiox
1637,PHH,antiox,plantpepdb_antiox
1638,HVAGTVA,antiox,plantpepdb_antiox
1639,QTVAVGVIK,antiox,plantpepdb_antiox
1640,LQAE,antiox,plantpepdb_antiox
1641,VTYDYYKN,antiox,plantpepdb_antiox
1642,LAGNPENE,antiox,plantpepdb_antiox
1643,HHPL,antiox,plantpepdb_antiox
1644,HLH,antiox,plantpepdb_antiox
1645,VECYGPNRPQF,antiox,plantpepdb_antiox
1646,KGVITQ,antiox,plantpepdb_antiox
1647,VPW,antiox,plantpepdb_antiox
1648,YSL,antiox,plantpepdb_antiox
1649,LY,antiox,plantpepdb_antiox
1650,FVLGL,antiox,plantpepdb_antiox
1651,DHHQVYSPGEQ,antiox,plantpepdb_antiox
1652,DDLPR,antiox,plantpepdb_antiox
1653,ESTLHLVLR,antiox,plantpepdb_antiox
1654,SPYCYG,antiox,plantpepdb_antiox
1655,RPNYTDA,antiox,plantpepdb_antiox
1656,QLPEPDNRLQ,antiox,plantpepdb_antiox
1657,NSSYFVEWIPNNVK,antiox,plantpepdb_antiox
1658,AVFPSIVGRPR,antiox,plantpepdb_antiox
1659,EGGGGGYGGGGGGYGGR,antiox,plantpepdb_antiox
1660,AQGTFLQPHQ,antiox,plantpepdb_antiox
1661,TKMDEGVVTKK,antiox,plantpepdb_antiox
1662,FFRSKLLSDGAAAAKGALLPQYW,antiox,plantpepdb_antiox
1663,AIILHQ,antiox,plantpepdb_antiox
1664,HQTSEFK,antiox,plantpepdb_antiox
1665,FPLEMMPF,antiox,plantpepdb_antiox
1666,HHPLL,antiox,plantpepdb_antiox
1667,HPH,antiox,plantpepdb_antiox
1668,FLGQQQPFPPQQPYPQPQPFPSQQP,antiox,plantpepdb_antiox
1669,NGDPLLDQ,antiox,plantpepdb_antiox
1670,KPKL,antiox,plantpepdb_antiox
1671,DFYNPKA,antiox,plantpepdb_antiox
1672,FDAVGVK,antiox,plantpepdb_antiox
1673,YHH,antiox,plantpepdb_antiox
1674,NFHPQ,antiox,plantpepdb_antiox
1675,LLPHHADADY,antiox,plantpepdb_antiox
1676,RNPIYS,antiox,plantpepdb_antiox
1677,KGLFG,antiox,plantpepdb_antiox
1678,EGGDGGYGGGGGGSRW,antiox,plantpepdb_antiox
1679,HHLP,antiox,plantpepdb_antiox
1680,PLHH,antiox,plantpepdb_antiox
1681,VEGGLS,antiox,plantpepdb_antiox
1682,LAGNPQDE,antiox,plantpepdb_antiox
1683,LYPY,antiox,plantpepdb_antiox
1684,GPSSSPDIYNPEAGRIK,antiox,plantpepdb_antiox
1685,VLVSGSIHYPR,antiox,plantpepdb_antiox
1686,IGPSSSPDIYNPEAGRIK,antiox,plantpepdb_antiox
1687,LH,antiox,plantpepdb_antiox
1688,LLNDEVKEGQ,antiox,plantpepdb_antiox
1689,NQLDQ,antiox,plantpepdb_antiox
1690,DEVPR,antiox,plantpepdb_antiox
1691,YNLRQ,antiox,plantpepdb_antiox
1692,VLSPPFTGE,antiox,plantpepdb_antiox
1693,AQIPQQ,antiox,plantpepdb_antiox
1694,NSGPLVNP,antiox,plantpepdb_antiox
1695,LHH,antiox,plantpepdb_antiox
1696,VAITLTMK,antiox,plantpepdb_antiox
1697,LFSPR,antiox,plantpepdb_antiox
1698,RPSYT,antiox,plantpepdb_antiox
1699,FY,antiox,plantpepdb_antiox
1700,YL,antiox,plantpepdb_antiox
1701,LLPHH,antiox,plantpepdb_antiox
1702,VTSLDLPVLRW,antiox,plantpepdb_antiox
1703,LASSGIDHEGRLPR,antiox,plantpepdb_antiox
1704,RCMAFLLSDGAAAAQQLLPQYW,antiox,plantpepdb_antiox
1705,QLPLL,antiox,plantpepdb_antiox
1706,VLEANPRSF,antiox,plantpepdb_antiox
1707,TSQLLSDQ,antiox,plantpepdb_antiox
1708,LLNDE,antiox,plantpepdb_antiox
1709,PYY,antiox,plantpepdb_antiox
1710,TIIPLPV,antiox,plantpepdb_antiox
1711,LPHH,antiox,plantpepdb_antiox
1712,ACSNHSPLGWRGH,antiox,plantpepdb_antiox
1713,KGAIG,antiox,plantpepdb_antiox
1714,SAEHGSLH,antiox,plantpepdb_antiox
1715,YFPVGGDRPESF,antiox,plantpepdb_antiox
1716,DLTDFL,antiox,plantpepdb_antiox
1717,ESGAVTE,antiox,plantpepdb_antiox
1718,RWAEK,antiox,plantpepdb_antiox
1719,ALEPDHR,antiox,plantpepdb_antiox
1720,ESTAKQVIR,antiox,plantpepdb_antiox
1721,LSSLEMGSLGALFVCM,antiox,plantpepdb_antiox
1722,VGPLSPT,antiox,plantpepdb_antiox
