num,seq,test,dataset
545,KRFKQDGGWSHWSPWSSCSVTCGDGVITRIRLCNSPSPQMNGKPCEGEARETKACKKDACPI,1,antiangiopred
620,CKITRCPMIPCYISSPDECLWMDWVTEKNINGHQAKFFACIKRSDGSCAWYRGAAPPKQEFLDIEDP,1,antiangiopred
704,FLPLLASLFSRLF,1,apd3_1
715,ALWKDILKNAGKAALNEINQIVQ,1,apd3_1
744,ICIFCCGCCHRSKCGMCCKT,1,apd3_1
751,ALWKSLLKNVGKAAGKAALNAVTDMVNQ,1,apd3_1
771,SLLSLIRKLIT,1,apd3_1
785,QCRRLCYKQRCVTYCRGR,1,apd3_1
805,GLICESCRKIIQKLEDMVGPQPNEDTVTQAASRVCDKMKILRGVCKKIMRTFLRRISKDILTGKKPQAICVDIKICKE,1,apd3_1
806,ALWKEVLKNAGKAALNEINNLV,1,apd3_1
809,IIGPVLGLVGSALGGLLKKI,1,apd3_1
815,GVWDWIKKTAGKIWNSEPVKALKSQALNAAKNFVAEKIGATPS,1,apd3_1
828,GLFSVVKGVLKGVGKNVSGSLLDQLKCKISGGC,1,apd3_1
832,FLSLIPAAISAVSALANHF,1,apd3_1
839,GIGSAILSAGKSIIKGLAKGLAEHF,1,apd3_1
843,SDGGAQDCCLKYSQRKIPAKVVRSYRKQEPSLGCSIPAILFLPRKRSQAELCADPKELWVQQLMQHLDKTPSPQKPAQGCRKDRGASKTGKKGKGSKGCKRTERSQTPKGP,1,apd3_1
870,ACVNQCPDAIDRFIVKDKGCHGVEKKYYKQVYVACMNGQHLYCRTEWGGPCQL,1,apd3_1
879,GRDYRTCLTIVQKLKKMVDKPTQRSVSNAATRVCRTGRSRWRDVCRNFMRRYQSRVTQGLVAGETAQQICEDLR,1,apd3_1
885,GLLRKGGEKIGEKLKKIGQKIKNFFQKLVPQPEQ,1,apd3_1
893,ALWKTMLKKLGTVALHAGKAALGAVADTISQ,1,apd3_1
897,IIGPVLGLVGKALGGLL,1,apd3_1
908,ILPILGNLLNSLL,1,apd3_1
916,IWSFLIKAATKLLPSLFGGGKKDS,1,apd3_1
930,LNLKALLAVAKKIL,1,apd3_1
957,GLICESCRKIIQKLEDMVGPQPNEDTVTQAASQVCDKLKILRGLCKKIMRSFLRRISWDILTG,1,iacp
1019,SQLGDLGSGAGQGGGGGGSIRAAGGAFGKLEAAREEEFFYKKQKEQLERLKND,1,iacp
1068,AACARFIDDFCDTLTPNIYRPRDNGQRCYAVNGHRCDFTVFNTNNGGNPIRASTPN,1,iacp
1091,GLPTCGETCTLGKCNTPKCTCNWPICYKN,1,plantpepdb_1
1099,GLPVCGETCFGGRCNTPGCTCSYPICTRN,1,plantpepdb_1
1102,GGVCPKILKKCRRDSDCPGACICRGNGYCGSGSD,1,plantpepdb_1
1107,GLPVCGETCVGGTCNTPGCTCSWPVCTRN,1,plantpepdb_1
1113,GSIPCGESCVFIPCISAIIGCSCSNKVCYKN,1,plantpepdb_1
1123,GLPICGETCVGGTCNTPGCFCTWPVCTRN,1,plantpepdb_1
1126,KSCCPTTTARNIYNTCRFGGGSRPICAKLSGCKIISGTKCD,1,plantpepdb_1
1130,WQHQQDSCR,1,plantpepdb_1
1139,GYPICGESCVGGICNIPGCSCSWPVCTTN,1,plantpepdb_1
1142,QLQGVNLTPCEK,1,plantpepdb_1
1143,MEKKSFAGLCFLFLVLFVAQECVLQTEAKTCENLADTFRGPCFATGNCDDHCKNKEHLLRGRCRDDFRCWCTRNC,1,plantpepdb_1
1144,GIPCGESCVYIPCITAAIGCSCKSKVCYRN,1,plantpepdb_1
1146,KSCCPTTTARNIYNTCRLAGGSRPICAKLSGCKIISGTKCDSGWDH,1,plantpepdb_1
1147,GIPCGESCVWIPCITSAIGCSCKSKVCYRN,1,plantpepdb_1
1162,CLPVCGETCFGGTCNTPGCSCETWPVCSRN,1,plantpepdb_1
1168,GLPLCGETCVGGTCNTPGCSCGWPVCVRN,1,plantpepdb_1
1173,GYPICGESCVGGTCNTPGCSCSWPVCTTN,1,plantpepdb_1
1178,KSCCPTTTARNIYNTCRFGGGSRPICAKLSGCKIISGTKCDSNGWTH,1,plantpepdb_1
1184,SKWQHQQDSCRKQLQGVNLTPCEKHIMEKIQGRGDDDDDDDDN,1,plantpepdb_1
1186,WQHQQDSCRK,1,plantpepdb_1
1188,GKPTCGETCFKGKCYTPGCTCSYPLCKKD,1,plantpepdb_1
1190,GIPCGESCVWIPCLTSAIGCSCKSKVCYRN,1,plantpepdb_1
1192,GTIPCGESCVFIPCLTSALGCSCKSKVCYKN,1,plantpepdb_1
1197,GKPICGETCFKGKCYTPGCTCSYPICKKD,1,plantpepdb_1
1201,GKPICGETCFKGKCYTPGCTCSYPICKKN,1,plantpepdb_1
1208,GKYTCGETCFKGKCYTPGCTCSYPICKKD,1,plantpepdb_1
1211,GLPTCGETCFKGKCYTPGCSCSYPICKKN,1,plantpepdb_1
1214,GIPCGESCVWIPCISSAIGCSCKNKVCYRN,1,plantpepdb_1
1220,GLPVCGETCVGGTCNTPGCSCSWPVCFRN,1,plantpepdb_1
1223,SKWQHQQDSCRKQKQGVNLTPCEKHIMEKIQGRGDDDDDDDDD,1,plantpepdb_1
1226,GIPCGESCVFIPCLTSAIGCSCKSKVCYRN,1,plantpepdb_1
1227,KSCCPTTTARNIYNTCRFGGGSRPVCAKLSGCKIISGTKCDSGHDH,1,plantpepdb_1
1229,KSCCPTTTARNIYNTCRFGGGSRPVCAKLSGCKIISGTKCDSNGHNH,1,plantpepdb_1
1230,SKWQHQQDSCRKQLQGVNLTPCEKHIMQKIQGRGDDDDDDDDD,1,plantpepdb_1
1240,KHGHGHGK,1,tumorhope
1266,PEKFRPM,1,tumorhope
1268,CSVANSC,1,tumorhope
1272,CDCRGDCFC,1,tumorhope
1293,RGDF,1,tumorhope
1295,KEPAYQRFL,1,tumorhope
1314,AEGEFGWWGDSHWLQYEGDPAK,1,tumorhope
1327,KDEPQRRSARLSAKPAPPKPEPKPKKAPAKK,1,tumorhope
1357,GHGKHKNK,1,tumorhope
1387,EEPAYQRFL,1,tumorhope
1396,LIAKTALPQTN,1,tumorhope
1407,LTVSPWY,1,tumorhope
1428,AEGEFWGDSHWLQYWYEGDPAK,1,tumorhope
1474,DRWRPALP,1,tumorhope
1514,IHWRPWAR,1,tumorhope
1528,LEPAYQRFL,1,tumorhope
1535,QEPAYQRFL,1,tumorhope
1538,PIEDRPM,1,tumorhope
1580,ALRDRPM,1,tumorhope
1585,PIDERPM,1,tumorhope
1596,AEGEFMYWGDSHWLQYWYEGDPAK,1,tumorhope
1630,IELLQAR,1,tumorhope
1636,KGVSLSYR,1,tumorhope
1675,TEPAYQRFL,1,tumorhope
1720,GRDS,1,tumorhope
1782,GETDPNTQLLNDLGNNMAWGAALGAPGGLGSAALGAAGGALQTVGQGLIDHGPVNVFIPVLIGPSWNGSGSGYNSATSSSGSGS,1,acpmhcnn
1791,GCFEDWSRCSPSTSRGTGVLWRDCDSYCKVCFKADRGECFDSPSLNCPQRLPNNKQCRCINARTAKDNRNPTCWA,1,acpmhcnn
1799,ETESTPDYLKNIQQQLEEYTKNFNTQVQNAFDSDKIKSEVNNFIESLGKILNTEKKEAPK,1,acpmhcnn
1802,FSFKRLKGFAKKLWNSKLARKIRTKGLKYVKNFAKDMLSEGEEAPPAAEPPVEAPQ,1,acpmhcnn
1808,AAEFPDFYDSEEQMGPHQEAEDEKDRADQRVLTEEEKKELENLAAMDLELQKIAEKFSQR,1,acpmhcnn
1816,SQLGDLGSGAGQGGGGGGSIRAAGGAFGKLEAAREEEFFYKKQKEQLERLKNDQIHQAEFHHQQIKEHEEAIQRHKDFLNNLHK,1,acpmhcnn
1817,ATYDGKCYKKDNICKYKAQSGKTAICKCYVKVCPRDGAKCEFDSYKGKCYC,1,acpmhcnn
1825,DGVKLCDVPSGTWSGHCGSSSKCSQQCKDREHFAYGGACHYQFPSVKCFCKRQC,1,acpmhcnn
1859,DIDFSTCARMDVPILKKAAQGLCITSCSMQNCGTGSCKKRSGRPTCVCYRCANGGGDIPLGAL,1,acpmhcnn
1898,AVTCNTVVSSLAPCVPFFAGSAAQPTAACCNGVRSLNSAARTTPDRRTACNCIKSSASSIGLNYNKAAKLPSRCTVNVTVPISPSVNCAT,1,acpmhcnn
1913,AGANDLCQECEDIVHLLTKMTKEDAFQDTIRKFLEQECDILPLKLLVPRCRQVLDVYLPLVIDYFQGQIKPKAICSHVGLC,1,acpmhcnn
1930,ENDHRMPNNLNRPNNLSKGGAKCGAAIAGGLFGIPKGPLAWAAGLANVYSKCN,1,acpmhcnn
1931,DIDITGCSACKYAAGQVCTIGCSAAGGFICGLLGITIPVAGLSCLGFVEIVCTVADEYSGCGDAVAKEACNRAGLC,1,acpmhcnn
1943,FSKYERQKDKRPYSERKNQYTGPQFLYPPERIPPQKVIKWNEEGLPIYEIPGEGGHAEPAAA,1,acpmhcnn
1954,DDMTMKPTPPPQYPLNLQGGGGGGSGDGFGFAVQGHQKVWTSDNGRHEIGLNGGYGQHLGGPYGNSEPSWKVGSTYTYRFPNF,1,acpmhcnn
1967,GDVNWVDVGKTVATNGAGVIGGAFGAGLCGPVCAGAFAVGSSAAVAALYDAAGNSNSAKQKPEGLPPEAWNYAEGRMCNWSPNNLSDVCL,1,acpmhcnn
1983,GEILCNLCTGLINTLENLLTTKGADKVKDYISSLCNKASGFIATLCTKVLDFGIDKLIQLIEDKVDANAICAKIHAC,1,acpmhcnn
2002,AQEPVKGPVSTKPGSCPIILIRCAMLNPPNRCLKDTDCPGIKKCCEGSCGMACFVPQ,1,acpmhcnn
2010,FNKLKQGSSKRTCAKCFRKIMPSVHELDERRRGANRWAAGFRKCVSSICRY,1,acpmhcnn
2026,ATTGCSCPQCIIFDPICASSYKNGRRGFSSGCHMRCYNRCHGTDYFQISKGSKCI,1,acpmhcnn
2029,FTPSVSFSQNGGVVEAAAQRGYIYKKYPKGAKVPNKVKMLVNIRGKQTMRTCYLMSWTASSRTAKYYYYI,1,acpmhcnn
2051,ASGRDIAMAIGTLSGQFVAGGIGAAAGGVAGGAIYDYASTHKPNPAMSPSGLGGTIKQKPEGIPSEAWNYAAGRLCNWSPNNLSDVCL,1,acpmhcnn
2059,AFPPPNVPGPRFPPPNFPGPRFPPPNFPGPRFPPPNFPGPRFPPPNFPGPPFPPPIFPGPWFPPPPPFRPPPFGPPRFP,1,acpmhcnn
2079,GLICESCRKIIQKLEDMVGPQPNEDTVTQAASQVCDKLKILRGLCKKIMRSFLRRISWDILTGKKPQAICVDIKICKEKTGLI,1,acpmhcnn
2110,DAPGHPGKHYLQVNVPSDVRTIGVAGGGVQQCFRVTPGAWNDTRALVSNGAQVEVWGYTVADCANRTTANQKYYDKAAAPSDSSTYFWFTLKNLRV,1,acpmhcnn
2117,GAILCNLCKDTVKLVENLLTVDGAQAVRQYIDNLCGKASGFLGTLCEKILSFGVDELVKLIENHVDPVVVCEKIHAC,1,acpmhcnn
2129,AACARFIDDFCDTLTPNIYRPRDNGQRCYAVNGHRCDFTVFNTNNGGNPIRASTPNCKTVLRTAANRCPTGGRGKINPNAPFLFAIDPNDGDCSTNF,1,acpmhcnn
2131,DHHHDHGHDDHEHEELTLEKIKEKIKDYADKTPVDQLTERVQAGRDYLLGKGARPSHLPARVDRHLSKLTAAEKQELADYLLTFLH,1,acpmhcnn
2142,DAECEICKFVIQQVEAFIESNHSQAEIQKELNKLCSSVPSITQTCLSIARMVPYIIKKLEEHNSPGQVCQGLHLCKSS,1,acpmhcnn
2152,DGNDGQAELIAIGSLAGTFISPGFGSIAGAYIGDKVHSWATTATVSPSMSPSGIGLSSQFGSGRGTSSASSSAGSGS,1,acpmhcnn
2159,GRDYRTCLTIVQKLKKMVDKPTQRSVSNAATRVCRTGRSRWRDVCRNFMRRYQSRVTQGLVAGETAQQICEDLRLCIPSTGPL,1,acpmhcnn
2191,ERILDLRKTKKSCKNGEVLGCVSGHGPPGCSENECGMGPRPKACFFDCHYGCWCTGKLYRRKRDRKCVPKHECLL,1,acpmhcnn
2211,ERGSRGQRCGPGEVFNQCGSACPRVCGRPPAQACTLQCVSGCFCRRGYIRTQRGGCIPERQCHQR,1,acpmhcnn
2214,AVDFSSCARMDVPGLSKVAQGLCISSCKFQNCGTGHCEKRGGRPTCVCDRCGRGGGEWPSVPMPKGRSSRGRRHS,1,acpmhcnn
2231,AKYTGKCTKSKNECKYKNDAGKDTFIKCPKFDNKKCTKDNNKCTVDTYNNAVDCD,1,acpmhcnn
2242,EFRGSIVIQGTKEGKSRPSLDIDYKQRVYDKNGMTGDAYGGLNIRPGQPSRQHAGFEFGKEYKNGFIKGQSEVQRGPGGRLSPYFGINGGFRF,1,acpmhcnn
2271,AGDPLADPNSQIVRQIMSNAAWGPPLVPERFRGMAVGAAGGVTQTVLQGAAAHMPVNVPIPKVPMGPSWNGSKG,1,acpmhcnn
2280,ATCDLLSGFGVGDSACAAHCIARRNRGGYCNAKKVCVCRN,1,anticp2
2281,FLSLIPHIVSGVASIAKHF,1,anticp2
2282,GLFGVLAKVAAHVVPAIAEHF,1,anticp2
2303,GVPVCGETCFGGTCNTPGCSCDPWPVCSRN,1,anticp2
2307,FLPVIAGVAAKFLPKIFCAITKKC,1,anticp2
2317,DSHEKRHHEHRRKFHEKHHSHRGY,1,anticp2
2338,GLPVCGETCFTGTCYTNGCTCDPWPVCTRN,1,anticp2
2381,FLPIVAKLLSGLL,1,anticp2
2402,FFPIIAGMAAKVICAITKKC,1,anticp2
2420,KSCCPNTTGRNIYNTCRLTGSSRETCAKLSGCKIISASTCPSNYPK,1,anticp2
2430,CGESCVFIPCITSVAGCSCKSKVCYRNGIP,1,anticp2
2461,CGESCVWIPCISAAIGCSCKNKVCYRAIP,1,anticp2
2467,ACIKNGGRCVASGGPPYCCSNYCLQIAGQSYGVCKKH,1,anticp2
2475,GLPTCGETCFGGTCNTPGCTCDPWPVCTHN,1,anticp2
2479,FLGALFKVASKVLPSVKCAITKKC,1,anticp2
2481,FMGSALRIAAKVLPAALCQIFKKC,1,anticp2
2492,GLFGVLGSIAKHVLPHVVPVIAEKL,1,anticp2
2506,DSHEERRQGRHGHHEYGRKFHEKHHSHRGY,1,anticp2
2514,FIFHIIKGLFHAGKMIHGLVTRRRH,1,anticp2
2520,FDIVKKIAGHIVSSI,1,anticp2
2523,DLRFWNPREKLPLPTLPPFNPKPIYIDMGNRY,1,anticp2
2538,FLPLLASLFSGLF,1,anticp2
2541,DSHAKRHHGYKRKFHEKHHSHRGYRSNYLYDN,1,anticp2
2550,ACYCRIPACFAGERRYGTCFYLGRVWAFCC,1,anticp2
2563,GIGKFLKKAKKFAKAFVKMNN,1,anticp2
2585,EQCGRQAGGKLCPNNLCCSQWGWCGSTDEYCSPDHNCQSNCKD,1,anticp2
2604,DVIKKVASVIGGL,1,anticp2
2610,CIANRNGCQPDGSQGNCCSGYCHKEPGWVAGYCR,1,anticp2
2616,FLSLIPHAINAVSAIAKHF,1,anticp2
2624,GLFDIVKKIAGHIA,1,anticp2
2635,GFGCPNDYPCHRHCKSIPGRAGGYCGGAHRLRCTCYR,1,anticp2
2664,KSCCKNTTGRNIYNTCRFAGGSRERCAKLSGCKIISASTCPSYPDK,1,anticp2
2665,GFMDTAKNVAKNVAVTLLDKLKCKITGGC,1,anticp2
2667,GLFSVLGAVAKHVLPHVVPVIAEKL,1,anticp2
2675,GLPVCGETCFGGTCNTPGCACDPWPVCTRD,1,anticp2
2676,TILAEIKNINAD,1,anticp2
2698,FLGAIAAALPHVINAVTNAL,1,anticp2
2699,KLAKLAK,1,anticp2
2706,FLPILAGLAAKLVPKVFCSITKKC,1,anticp2
2727,ACYCRIPACLAGERRYGTCFYRRRVWAFCC,1,anticp2
2734,FLPILASLAATLGPKLLCLITKKC,1,anticp2
2739,ELCEKASQTWSGTCGKTKHCDDQCKSWEGAAHGACHVRDGKHMCFCYFNC,1,anticp2
2751,CSTNTFSLSDYWGNKGNWCTATHECMSWCK,1,anticp2
2763,CRQSCSFGPLTFVCDGNTK,1,anticp2
2791,ALWMTLLKKVLKAAAKALNAVLVGANA,1,anticp2
2802,FLGWLFKWASK,1,anticp2
2805,AMWKDVLKKIGTVALHAGKAALGAVADTISQ,1,anticp2
2852,ATYYGNGLYCNKQKCWVDWNKASREIGKIIVNGWVQHGPWAPR,1,anticp2
2866,FLGGLMKIIPAAFCAVTKKC,1,anticp2
2889,GFGCPNNYACHQHCKSIRGYCGGYCAGWFRLRCTCYRCG,1,anticp2
2909,ATCDLLSGIGVQHSACALHCVFRGNRGGYCTGKGICVCRN,1,anticp2
2910,ALWKNMLKGIGKLAGQAALGAVKTLVGAE,1,anticp2
2917,DCLSGRYKGPCAVWDNETCRRVCKEEGRSSGHCSPSLKCWCEGC,1,anticp2
2931,PPKSQ,1,anticp2
2940,TILLEIKNINAD,1,anticp2
2954,GLPVCGETCFGGTCNTPGCSCDPWPMCSRN,1,anticp2
2965,GLPVCGETCFGGTCNTPGCSCTWPICTRD,1,anticp2
2987,GVPICGETCVGGTCNTPGCSCSWPVCTRN,1,anticp2
2989,FDIVKKVVGTIAGL,1,anticp2
3004,ATCDLLSGTGINHSACAAHCLLRGNRGGYCNGKAVCVCRN,1,anticp2
3010,FLPIIGKLLSGLL,1,anticp2
3011,YAIDTILAEIKNINA,1,anticp2
3018,FLPFIAGMAAKFLPKIFCAISKKC,1,anticp2
3021,RQIKIWFQNRRMKWKK,1,anticp2
3030,FLPIVTNLLSGLL,1,anticp2
3068,GFGCPFNQGACHRHCRSIRRRGGYCAGLFKQTCTCYR,1,anticp2
3073,FLSLIPHIVSGVAALAKHL,1,anticp2
3091,FDIVKKIAGHIAGSI,1,anticp2
3097,GGLRSLGRKILRAWKKYGPIIVPIIRI,1,anticp2
3110,ATCDLASGFGVGSSLCAAHCIARRYRGGYCNSKAVCVCRN,1,anticp2
3130,FLPLLLAGLPKLLCLFFKKC,1,anticp2
3132,FLPIIASVAAKVFSKIFCAISKKC,1,anticp2
3148,KLKNFAIGVAQSLLNKASCKLSGQC,1,anticp2
3168,FLSLALAALPKLFCLIFKKC,1,anticp2
3192,GLPVCGETCFGGTCNTPGCSCETWPVCSRN,1,anticp2
3213,FLIGMTHGLICLISRKC,1,anticp2
3214,GIPCAESCVWIPCTVTALVGCSCSDKVCYN,1,anticp2
3220,FVGLAKVAAHVVPAIAEHF,1,anticp2
3222,GLFGVLAKVASHVVPAIAEHFQA,1,anticp2
3229,GFGCPLNQGACHNHCRSIGRRGGYCAGIIKQTCTCYRK,1,anticp2
3243,PMDYMVT,1,biopep_1
3244,EILDV,1,biopep_1
3245,GGTCVIRGCVPKKLM,1,biopep_1
3248,LPTSEAAKY,1,biopep_1
3249,YIACYNGATSYNQKFK,1,biopep_1
3250,GLFDVIKKVASVIGGLG,1,biopep_1
3252,EILDVPST,1,biopep_1
3255,NLHLPLPLL,1,biopep_1
3257,KENPVLSLVNGMF,1,biopep_1
3258,AISCYNGATSYNQKFK,1,biopep_1
3259,AYRNRYRRQYRY,1,biopep_1
3260,NENLLRFFVAPFPEVFG,1,biopep_1
3262,FFVAPFPEVFGK,1,biopep_1
3265,VWV,1,biopep_1
3266,YPFPGPI,1,biopep_1
3267,ENLLRFFVAPFPEVFG,1,biopep_1
3268,WTP,1,biopep_1
3271,QTSMTDFY,1,biopep_1
3272,RNIAEIIKDI,1,biopep_1
3273,RYLGYLE,1,biopep_1
3274,DLYYLMDL,1,biopep_1
3277,YASCYNGATSYNQKFK,1,biopep_1
3278,ENLHLPLPLL,1,biopep_1
3279,YGGFM,1,biopep_1
3280,LNENLLRFFVAPFPEVFG,1,biopep_1
3281,TAQTPIHVYSEIGKL,1,biopep_1
3287,VVV,1,biopep_1
3288,RPKPQQFFGLMG,1,biopep_1
3289,GVIDAAKKVVNVLKNLFG,1,biopep_1
3290,YIGSR,1,biopep_1
3291,PGPIPN,1,biopep_1
3294,VENLHLPLPLL,1,biopep_1
3295,ELWPFGP,1,mlacp2
3296,TRRKFWKKVLNGALKIAPFLLG,1,mlacp2
3298,GTLPCGESCVWIPCISSVVGCACKSKVCYKD,1,mlacp2
3299,HLNKRVQRELIGWLDWLK,1,mlacp2
3300,KKKKKEGKKQ,1,mlacp2
3301,LTVTPWL,1,mlacp2
3302,SIFSLFKMGAKALGKTLLKQAGKAGAEYAACKATNQC,1,mlacp2
3303,GSGSGSGSLKKIFKKPMVIGVTIPF,1,mlacp2
3305,GMMGPSII,1,mlacp2
3306,RRRQRRKKRGGGDTRLNTVWMW,1,mlacp2
3307,GRRTRSSRLRNS,1,mlacp2
3308,CKALSQAC,1,mlacp2
3311,GGHTRQ,1,mlacp2
3312,RWCVYAYVRVRGVLVRYRRCW,1,mlacp2
3313,FLPLLAGLAANFFPKIFCKITRKC,1,mlacp2
3314,QEFSPYMGLEFKKH,1,mlacp2
3315,TMTLTPRL,1,mlacp2
3316,CEKRGDSLC,1,mlacp2
3317,FIGTALGIASAIPAIVKLFK,1,mlacp2
3318,GFMDTAKNVAKNVAVTLIDNLKCKITKAC,1,mlacp2
3319,NTLPPFSPPSPP,1,mlacp2
3320,RECKTESNTFPGICITKPPCRKACISEKFTDGHCSKILRRCLCTKPC,1,mlacp2
3321,CETCNGRCVG,1,mlacp2
3322,CSNIDARAC,1,mlacp2
3323,CDDSWKC,1,mlacp2
3324,FLPIIVFQFLGKIIHHVGNFVHGFSHVF,1,mlacp2
3327,TRWLWLLRGGLKAAGWGIRAHLNRNQ,1,mlacp2
3328,LILKRKRKRKRILI,1,mlacp2
3329,ILGPVIGTIGNVLGGLIKKI,1,mlacp2
3330,GIGGALLSAGKSALKGLAKGLAEHFAN,1,mlacp2
3332,WESLYFPRE,1,mlacp2
3333,PMPVSQECFETLRGHERILSILRHQNLLKELQDLALQGAKERAHQQ,1,mlacp2
3334,ITDMAA,1,mlacp2
3335,SMPINSPYIPWS,1,mlacp2
3336,FWGHIWNAVKRVGANALHGAVTGALS,1,mlacp2
3337,MARAKE,1,mlacp2
3338,RRRRRRRRRLLGFHTASGKKVKIAK,1,mlacp2
3339,WGTGLC,1,mlacp2
3340,GGCSAFGHSCFGGHGK,1,mlacp2
3341,LDKKTTS,1,mlacp2
3342,FFSLIPKLVKGLISAFK,1,mlacp2
3343,FLGGILNTITGLL,1,mlacp2
3344,ARSYGNGVYCNNKKCWVNRGEATQSIIGGMISGWASGLAGM,1,mlacp2
3345,EVWRLAEFLAMPP,1,mlacp2
3346,GFLDTFKNLALNAAKSAGVSVLNSLSCKLFKTC,1,mlacp2
3347,YPLPFIP,1,mlacp2
3348,VASVSVA,1,mlacp2
3349,ELLVDLL,1,mlacp2
3352,LVRGCWTKSYPPKPCFVR,1,mlacp2
3353,GSHGAFCHLCEDLIKDGKEAGDVALDVWLDEEIGSRCKDFGVLASECFKE,1,mlacp2
3354,KIKIPWGKVKDFLVGGMKAV,1,mlacp2
3355,LALMLPGC,1,mlacp2
3356,ILGKLLKTAAKLLSNL,1,mlacp2
3357,DAEFRHDSGYEVHHQKLVFFAEDVGSNKGAIIGLMVGGVVIA,1,mlacp2
3359,CKVCNGRCCG,1,mlacp2
3360,ELIKESR,1,mlacp2
3361,WPLHTSVYPPSP,1,mlacp2
3362,ITCPQVTQSLAPCVPYLISG,1,mlacp2
3364,GETFDKLKEKLKTFYQKLVEKAEDLKGDLKAKLS,1,mlacp2
3366,RKKRRQRRRLNLKALLAVAKKIL,1,mlacp2
3367,ELYVSRL,1,mlacp2
3368,CGETMRC,1,mlacp2
3369,APPGARPPPGPPPPGPPPPGP,1,mlacp2
3372,PSTLTSS,1,mlacp2
3373,GLVTSLIKGAGKLLGGLFGSVTGGQS,1,mlacp2
3374,FFRHLFRGAKAIFRGARQGWRAHKVVSRYRNRDVPETDNNQEEP,1,mlacp2
3376,ELLSRVD,1,mlacp2
3377,FFGTALKIAANILPTAICKILKKC,1,mlacp2
3378,FLPIVGLLKSLLK,1,mlacp2
3379,ARDCKGWLEECEEENCCDPYECIGFC,1,mlacp2
3380,GAKALTKAATAFTKFYKTIW,1,mlacp2
3381,GRRIAGPYIALE,1,mlacp2
3382,KILPGVCKKIMRPFLRRISKDILTGKK,1,mlacp2
3384,FFGRLKSVWSAVKHGWKAAKSR,1,mlacp2
3385,LESLASSAVRTANKARAKL,1,mlacp2
3386,RCKTCSKGRCRPKPNCG,1,mlacp2
3387,TSPTNRS,1,mlacp2
3388,FRPNRAQDYNTN,1,mlacp2
3389,CWGCNGRCRM,1,mlacp2
3390,KKLLPIVANLLKSLL,1,mlacp2
3391,KGCGTRQCW,1,mlacp2
3392,TGVSWSVAQPSF,1,mlacp2
3396,YGSLFTPMFGGKDK,1,mlacp2
3397,GGARVFQGFEDE,1,mlacp2
3398,FLPKMSTKLRVPYRRGTKDYH,1,mlacp2
3400,GAFLKCGESCVYLPCLTTVVGCSCQNSVCYRD,1,mlacp2
3402,NLVSALIEGRKYLKNVLKKLNRLKEKNKAKNSKENN,1,mlacp2
3403,FFPLALLCKVFKKC,1,mlacp2
3404,FLPAIAGILSQLF,1,mlacp2
3406,DLPMHPM,1,mlacp2
3408,SFLRRISWDILTGKKPQAICVDIKICKE,1,mlacp2
3409,FWGALIKGAAKLIPSVVGLFKKKQ,1,mlacp2
3410,FWGALAKGALKLIPSLFSSFSKKD,1,mlacp2
3411,GCRRLCYKQRCVTYCRGPPR,1,mlacp2
3412,KGVSLSYRKKGVSLSYR,1,mlacp2
3413,CAGAGTGGGAGAGGCAAGAC,1,mlacp2
3414,GLPCVGETCVGGTCNTPGCSCSWPVCTRN,1,mlacp2
3415,FLFPLITSFLSKVL,1,mlacp2
3416,CGESCAMISFCFTEVIGCSCKNKVCYLNSIS,1,mlacp2
3418,MRNYSFGL,1,mlacp2
3419,IKPIIKPIIKPIIKPIIKPIIKPIIKPI,1,mlacp2
3422,CGESCVWIPCVTSIFNCKCKENKVCYHDKIP,1,mlacp2
3424,QEFSPNLWGLEFQKN,1,mlacp2
3425,KRIVKLILKWLR,1,mlacp2
3426,SKGLRHR,1,mlacp2
3427,AVLDILKDVGKGLLSHFMEKV,1,mlacp2
3428,GLFDKLKSLVSDF,1,mlacp2
3430,CMEMGVKC,1,mlacp2
3431,VGTDFSGNDDISDVQK,1,mlacp2
3432,GFRKRFNKLVKKVKHTIKETANVSKDVAIVAGSGVAVGAAM,1,mlacp2
3434,WRNTIA,1,mlacp2
3435,WTCRASWCS,1,mlacp2
3436,RIIRRIRRIIR,1,mlacp2
3437,IFVLPPYIPP,1,mlacp2
3438,VPCQKRPGWVCLW,1,mlacp2
3439,AYTKCSRQWRTCMTTH,1,mlacp2
3440,CLSRYLDQC,1,mlacp2
3442,LGELFNPYYDPLQWKSSHFE,1,mlacp2
3443,CYPADPC,1,mlacp2
3444,LSGNK,1,mlacp2
3446,GSPQCPGGFNCPRCDCGAGY,1,mlacp2
3447,INGKVT,1,mlacp2
3448,FLLFPLMCKIQGKC,1,mlacp2
3449,GKEFKRIVKWPWWPWRR,1,mlacp2
3450,AYPGNGVHCGKYSCTVDKQTAIGNIGNNAA,1,mlacp2
3451,RVKRVWPLVIRTVIAGYNLYRAIKKK,1,mlacp2
3452,CRGRRST,1,mlacp2
3453,RRWRWWWRWRR,1,mlacp2
3454,QFDEPR,1,mlacp2
3455,DILTFEHYWAQLTS,1,mlacp2
3456,FRRFFKWFRRFFKFF,1,mlacp2
3457,LLLLLIRKLIK,1,mlacp2
3458,FLPILAGLAAKIVPKLFCLATKKC,1,mlacp2
3459,ATCDLLSKWNWNHTACAGHCIAKGFKGGYCNDKAVCVCRN,1,mlacp2
3461,RIIDLLWRVWRPWWPKFVTVWVR,1,mlacp2
3462,CVLCNGRCWS,1,mlacp2
3463,CAVCNGRCGF,1,mlacp2
3464,ATCDLLSMWNVNHSACAAHCLLLGKSGGRCNDDAVCVCRK,1,mlacp2
3465,AGCRLKSCA,1,mlacp2
3466,AGFVLKGYTKTSQ,1,mlacp2
3467,LLGAALSALSSVIPSVISWFQK,1,mlacp2
3470,KWKVFKKIEKMGRNIRNGIVKAGPKWKVFKKIEK,1,mlacp2
3472,TPLFCGNHGRQPSPLCMKWD,1,mlacp2
3474,ASDPPLAPDDDPDAPAAQLAR,1,mlacp2
3476,DEDDD,1,mlacp2
3477,CRGDKGENC,1,mlacp2
3478,SLLSLIRLLIT,1,mlacp2
3481,RKRKLILILIKRKR,1,mlacp2
3483,WLEPAYQRFL,1,mlacp2
3484,FMGGLIKAATKIVPAAYCAITKKC,1,mlacp2
3485,SPRVRRRYGRPFGGRPFVGGQFGGRPGCVCIRSPCPCANYG,1,mlacp2
3486,GFGCPFNARRCHRHCRSIRRRAGYCAGRLRLTCTCVR,1,mlacp2
3488,CVTCNGRCRV,1,mlacp2
3489,WAEPAYQRFL,1,mlacp2
3490,MGSSHHHHHHSSGLVPRGSHMIPVNGVTELEEAASNDTPVAARHEMSMQS,1,mlacp2
3491,DYDWSLRGPPKCATYGQKCRTWSPRNCCWNLRCKAFRCRPR,1,mlacp2
3492,ILGAILPLVSGLLSNKL,1,mlacp2
3495,RASDVGSDVVPRYPF,1,mlacp2
3497,ARLKKCFNKVTGYCRKKCKVGERYEIGCLSGKLCCAN,1,mlacp2
3498,GLPLLISWIKRKRQQAGPGSKKPVPIIYCNRRTGKCQRM,1,mlacp2
3499,PIFPPGLP,1,mlacp2
3500,RYRRKKKMKKALQYIKLLKE,1,mlacp2
3501,CSMSAKKKC,1,mlacp2
3502,GLFDIVKKLVSDF,1,mlacp2
3503,GAARKSIRLHRLYTWKATIYTR,1,mlacp2
3504,CRGDAGINC,1,mlacp2
3505,IKYLLVKLQGASQKTITLMLRRNNLYVMGYS,1,mlacp2
3506,SHGKPPSFSPYT,1,mlacp2
3507,CGNSNPKSC,1,mlacp2
3511,CSPQSQPMC,1,mlacp2
3512,GIGKFLKKAKKGIGAVLKVLTTGL,1,mlacp2
3515,ATCDLLSGTGVKHSACAAHCLLRGNRGGYCNGRAICVCRN,1,mlacp2
3516,AWPENPSRRPF,1,mlacp2
3517,VLSADDKTNIKNCW,1,mlacp2
3518,EIRLPEPFRFPSPTVPKPIDIDPILPHPWSPRQTYPIIARRS,1,mlacp2
3519,SDPHLSILSKPMS,1,mlacp2
3520,WLWKAIWKLLT,1,mlacp2
3522,LLIILRRRIRKQAHAHSK,1,mlacp2
3524,LKPLLKPLLKPLLKPLLKPLLKPLLKPL,1,mlacp2
3525,IKARASP,1,mlacp2
3526,HGKYFVS,1,mlacp2
3527,VLTVQPW,1,mlacp2
3528,CRGDCF,1,mlacp2
3529,ASIVKTTIKASKKLCRGFTLTCGCHFTGKK,1,mlacp2
3531,YSAYPDSVPMMS,1,mlacp2
3532,CFFNPITCY,1,mlacp2
3533,WWCLGERVVRCAH,1,mlacp2
3534,YVGSLARNNMLPMVAEE,1,mlacp2
3535,CPSDLKDAC,1,mlacp2
3536,INLKAVAALAKKLL,1,mlacp2
3537,LVRRWYL,1,mlacp2
3538,PGYVLALV,1,mlacp2
3540,GVIDAAKKVVNVLKNLF,1,mlacp2
3542,IKIPAVVKDTLKKVAKGVLSAVAGALTQ,1,mlacp2
3543,CTDFPRSFC,1,mlacp2
3544,FPNKPDSPGEDAPAEDLARYL,1,mlacp2
3545,PICEVSRCW,1,mlacp2
3546,CSDYNHHWC,1,mlacp2
3547,GADFQECMKEHSQKQHQHQG,1,mlacp2
3548,RLVSYNGIIFFLK,1,mlacp2
3553,WNLPWYYSVSPT,1,mlacp2
3555,LLLSKIRSLIT,1,mlacp2
3556,CSDGQHYWC,1,mlacp2
3557,GLFDIIKKIAESFGLLSVLGSVAKHVLPHVVPVIAEHL,1,mlacp2
3558,FMPIIGRLMSGSL,1,mlacp2
3559,FAATSAE,1,mlacp2
3561,DTVACRIQGNFCRAGACPPTFTISGQCHGGLLNCCAKIPAQ,1,mlacp2
3562,CVRIRPC,1,mlacp2
3563,FLPLIAGLIGKLF,1,mlacp2
3565,CPEKFRPMC,1,mlacp2
3566,TQSPTFDRQD,1,mlacp2
3567,YLLYLIRKLIL,1,mlacp2
3568,PSCAYMCIT,1,mlacp2
3572,QWCSRRWCT,1,mlacp2
3573,VNYGNGVSCSKTKCSVNWGQAFQERYTAGINSFVSGVASGAGSIGRRP,1,mlacp2
3574,GFGCNGPWDEDDMQCHNHCKSIKGYKGGYCAKGGFVCKCY,1,mlacp2
3575,TSSSLNMAVRGGLTR,1,mlacp2
3578,LPRRNRWSKIWKKVVTVFS,1,mlacp2
3579,CFWPNRC,1,mlacp2
3580,NGVQPKYKWWKWWKKWW,1,mlacp2
3581,GLPVCGETCTLGTCYTQGCTCSWPICKRN,1,mlacp2
3584,YRCIARECE,1,mlacp2
3585,FIHHIIGGLFSVGKHIHSLIHGH,1,mlacp2
3586,IWLTALKFLGKNLGKLAKQQLAKL,1,mlacp2
3587,PTVHSTPTTE,1,mlacp2
3588,SPGSWTW,1,mlacp2
3589,CGKRGDSIC,1,mlacp2
3590,LTVPRGLDRISGGEYIRAMGPSGFPAGPAAA,1,mlacp2
3591,ATCDLLSGFGVGDSACAAHCIARGNRGGYCNSKKVCVCPI,1,mlacp2
3593,MEKKSFAGLCFLFLVLFVAQECVLQTEAKTCENLADTFRGPCFATGNCDD,1,mlacp2
3594,PVCTRNGLPVCGETCVGGTCNTPGCTCSW,1,mlacp2
3595,KFFKRLLKSVRRAVKKFRKKPRLIGLSTLL,1,mlacp2
3596,FLPILGKLLSGIL,1,mlacp2
3598,GVLGAVKDLLIGAGKSAAQSVLKTLSCKLSNDC,1,mlacp2
3601,SGGYCGGWHRLRCTSYRSG,1,mlacp2
3602,GLFSKKGGKGGKSWIKGVFKGIKGIGKEVGGDVIRTGIEIAACKIKGEC,1,mlacp2
3604,LMMLILAMNRKDKKKEKK,1,mlacp2
3605,FMPILSCSRFKRC,1,mlacp2
3606,CVMVRDGDC,1,mlacp2
3607,RRGLFKKLRRKIKKGFKKIFKRLPPVGVGVSIPLAGRR,1,mlacp2
3610,KPWRFRRAIRRVRWRKVAPYIPFVVKTVGKK,1,mlacp2
3611,RQIKIWFQNRRMKWKKNLWAAQRYGRELRRMSDEFVD,1,mlacp2
3612,TVVRRRGRSPRRRTPSPRRRRSQSPRRRRSQSRESQC,1,mlacp2
3613,CRESLKNC,1,mlacp2
3614,SVPLFNFSVYLA,1,mlacp2
3615,DPVTYIRNGGICQYRCIGLRHKIGTCGSPFKCCK,1,mlacp2
3616,AKWVGDLTLCRWR,1,mlacp2
3617,KAMSWYA,1,mlacp2
3618,WDLAWMFRLPVG,1,mlacp2
3619,KSSQSVFYSSNNKNYLA,1,mlacp2
3621,PKILNKILGKILRLAAAFK,1,mlacp2
3622,IFLLWQR,1,mlacp2
3624,MIRISPMTTMITTTITTGNGAG,1,mlacp2
3625,LFGLIPSLIGGLVSAFK,1,mlacp2
3626,HHPTEFTPAVH,1,mlacp2
3627,FVPYNPPRPYQSKPFPSFPGHGPFNPKIQWPYPLPNPGH,1,mlacp2
3628,KTCENLADTFRGPCFATSNCDDHCKNKEHLLSGRCRDDFRCWCTRNC,1,mlacp2
3629,QEECELCINMACTGY,1,mlacp2
3630,CGSPGWVRC,1,mlacp2
3632,KCVRQNNKRVCKGLRKRLRKFRNK,1,mlacp2
3633,GFIATLCTKVLDFGIDKLIQLIEDK,1,mlacp2
3635,KKCKFFCKVKKKIKSIGFQIPIVSIPFK,1,mlacp2
3636,GIACGESCVWIPCISSAIGCSCVKSKCYRN,1,mlacp2
3637,CGLIIQKNEC,1,mlacp2
3638,ILGTILGLLKGL,1,mlacp2
3640,GFFDLAKKVVGGIRNALGI,1,mlacp2
3641,CPIEDRPMC,1,mlacp2
3643,FLPIIAKVLSGLL,1,mlacp2
3644,SPWPRPTY,1,mlacp2
3645,DSHEERHHGRHGHHKYGRKFHEKHHSHRGYRSNYLYDN,1,mlacp2
3646,ADRGWIKTLTKDCPNVISSICAGTIITACKNCA,1,mlacp2
3648,SWCQFEKCL,1,mlacp2
3650,IFSGSRE,1,mlacp2
3654,RDQTMNEKDGRNLDSLGGGN,1,mlacp2
3657,GSAESPAALGEASAAHPLE,1,mlacp2
3658,GRKKRRQRRRPQAVPIAQK,1,mlacp2
3659,KRMGIFHLFWAGLRKLGNLIKNKIQQGIENFLG,1,mlacp2
3660,VGALAVVVWLWLWLW,1,mlacp2
3661,GLLEALAELLEKFHTFPQTAIGVGAPKKRKAPKKKRKFA,1,mlacp2
3662,CFDGNHIWC,1,mlacp2
3663,GGARAFSADVGDDY,1,mlacp2
3666,QPENLPT,1,mlacp2
3667,GFLDSFKNAMIGVAKSVGKTALSTLACKIDKSC,1,mlacp2
3668,KYGLCRDETVFPSHSCTFTG,1,mlacp2
3669,PYPIFPI,1,mlacp2
3670,CWRKFYC,1,mlacp2
3671,KWFRVYRGIYRRR,1,mlacp2
3672,APCGLLACI,1,mlacp2
3673,AGCIKNGGRCNASAGPPYCCSSYCFQIAGQSYGVCKNR,1,mlacp2
3674,NLCASLRARHTIPQCRKFGRR,1,mlacp2
3675,PEAEWGEV,1,mlacp2
3677,DDTPSSRCGSGGWGPCLPIVDLLCIVHVTVGCSGGFGCCRIG,1,mlacp2
3679,DSIRDVSPTFNKIRRWFDGLFK,1,mlacp2
3680,LRMTCAFGVAQRSADCALSS,1,mlacp2
3681,MTRVQFKHHHHHHHPD,1,mlacp2
3684,LTVQPWP,1,mlacp2
3685,CSGGKVLDC,1,mlacp2
3686,STLPPPLRFANV,1,mlacp2
3687,GFKGAFKNVMFGIAKSAGKSALNALACKIDKSC,1,mlacp2
3689,EYAPVMMEDE,1,mlacp2
3690,CGRGDNLPC,1,mlacp2
3691,LVCLPPSCE,1,mlacp2
3692,FLPVLAGLTPSIVPKLVCLLTKKC,1,mlacp2
3693,YNLKERYAAW,1,mlacp2
3694,GETCFGGTCNTPGCTCDPWPVCTRNGLPVC,1,mlacp2
3695,FRVGVADV,1,mlacp2
3696,CSCCNGRCGD,1,mlacp2
3697,GFETPASSRINS,1,mlacp2
3699,FLPILGNLLSGLL,1,mlacp2
3700,AGPSSDYETAGKALSTMCEIAAEACSAWFPVQDN,1,mlacp2
3701,IWSGYGVYW,1,mlacp2
3702,GLISTIWNTASNVAGTLTDSVKCKFKKC,1,mlacp2
3703,LTLRWVGLMS,1,mlacp2
3704,AKCIKNGKGCREDQGPPFCCSGFCYRQVGWARGYCKNR,1,mlacp2
3705,SPMFTMIQGDAQ,1,mlacp2
3707,CDPSRGKNC,1,mlacp2
3708,IFGAIWKGISSLL,1,mlacp2
3711,FKLGSFLKKAWKSKLAKKLRAKGKEMLKDYAKGLLEGGSEEVPGQ,1,mlacp2
3712,CGECNGRCVE,1,mlacp2
3713,RWKLFKKIEKVGRNVRDGLIKAGPAIAVIGQAKSLGK,1,mlacp2
3714,PICTRNGLPVCGETCFGGTCNTPGCTCTW,1,mlacp2
3715,ENFFKEIERAGQRIRDAIISAAPAVETLAQAQKIIKGGD,1,mlacp2
3716,SPLLYRAPQMYDDVQFV,1,mlacp2
3717,EKKPPRPPQWAVGHFM,1,mlacp2
3718,GRRPMKLNKTP,1,mlacp2
3719,GILGKLWEGVKSIF,1,mlacp2
3722,CWGTGLC,1,mlacp2
3724,CNGRCVSGCAGRC,1,mlacp2
3725,CLSDGKRKC,1,mlacp2
3726,IKKILSKIKKLLK,1,mlacp2
3728,CKGGRAKDC,1,mlacp2
3729,VWRTGHL,1,mlacp2
3730,GKEFKRIVGRIYRLCCR,1,mlacp2
3731,CRGDHAGDC,1,mlacp2
3732,ALWKTLLKNVGKAAGKAALNAVTDMVNQ,1,mlacp2
3733,RPCGDQACE,1,mlacp2
3736,FYCVIERLGVCLY,1,mlacp2
3737,GAIKDALKGAAKTVAVELLKKAQCKLEKTC,1,mlacp2
3738,CVQCNGRCAL,1,mlacp2
3739,RTCQSQSHRFRGPCLRRSNCANVCRTEGFPGGRCRGFRRRCFCTTHC,1,mlacp2
3740,FLFSLIPHAIGGLISAFK,1,mlacp2
3743,KRFKQDGGASHASPASS,1,mlacp2
3746,KTQKRVKSGGI,1,mlacp2
3747,HLRRINKLLTRIGLYRHAFG,1,mlacp2
3749,ACDTATCVTHRLAGLLSRSGGVVKNNFVPTNVGSKAF,1,mlacp2
3750,AEINMPNY,1,mlacp2
3751,NVTVQELDLQAR,1,mlacp2
3752,VCGSNQPNHPNGKCGSKMADYLEEQCEEEEAA,1,mlacp2
3753,EADEPLWLYKGDNIERAPTTADHPILPSIIDDVKLDPNRRYA,1,mlacp2
3754,CEVCNGRCAL,1,mlacp2
3755,GFLGPLLKLAAKGVAKVIPHLIPSRQQ,1,mlacp2
3756,DTARLQWH,1,mlacp2
3760,AFTCHCRRSCYSTEYSYGTCTVMGINHRFCCL,1,mlacp2
3761,LKCNKLVPLFYKTCPAGKNL,1,mlacp2
3762,ICLLAHCA,1,mlacp2
3763,AISYGNGVYCNKEKCWVNKAENKQAITGIVIGGWASSLAGMGH,1,mlacp2
3764,CEMCNGRCMG,1,mlacp2
3765,QYREGLV,1,mlacp2
3766,KQTENLADTY,1,mlacp2
3769,RCLPAGKTCVRGPMRVPCCGSCSQNKCT,1,mlacp2
3771,IDKQLE,1,mlacp2
3772,FYCPGVGCR,1,mlacp2
3773,RVIRVWFQNKRCKDKK,1,mlacp2
3774,LNCCNLLL,1,mlacp2
3775,FELDRICGYGTARCRKKCRSQEYRIGRCPNTYACCLRKWDESLLNRTKP,1,mlacp2
3776,KKKIIIIIIKKK,1,mlacp2
3777,EPHPDEFVGLM,1,mlacp2
3780,CEKRGDSVC,1,mlacp2
3783,TCCATGACGTTCCTGACGTT,1,mlacp2
3784,GNIIPDRPMHPT,1,mlacp2
3785,SAKGLAEHF,1,mlacp2
3787,CSSTMRC,1,mlacp2
3788,SLFSLIKAGAKFLGKNMLKQGPQYPACKVSKDSENVNWKS,1,mlacp2
3790,TKALGEVDILLTWMQKFYKL,1,mlacp2
3791,GFGSLLGKALRLGANVL,1,mlacp2
3793,KKIWQKIKRFFQKL,1,mlacp2
3796,LTVEPWL,1,mlacp2
3797,AALKGCWTKSIPPKPCFGKR,1,mlacp2
3798,GEGSGA,1,mlacp2
3799,FIFHIIKGLFHAGKMIHGLVTRRRHGVEELQDLDQRAFEREKAFA,1,mlacp2
3800,KREDFLDQIIRDFRNFIYQKYRRLRDEFRKLRDILSG,1,mlacp2
3801,DNGEAGRAAR,1,mlacp2
3802,FLPIITNLLGKLL,1,mlacp2
3803,DMPKQLLAPWYY,1,mlacp2
3804,NIQSVKQIQYAAPVNTWGWGRQRE,1,mlacp2
3805,DVKGMKKAIKGILDCVIEKGYDKLAAKLKKVIQQLWE,1,mlacp2
3806,GLWQGP,1,mlacp2
3807,GAFGNFLKGVAKKAGLKILSIAQCKLFGTC,1,mlacp2
3808,PQNSKIPGPTFLDPH,1,mlacp2
3809,FLPMLAGLAASMVPKFVCLITKKC,1,mlacp2
3810,LECVVDSCR,1,mlacp2
3811,RWCREKSCW,1,mlacp2
3813,GLFSVVTGVLKAVGKNVAKNVGGSLLEQLKCKKISGGC,1,mlacp2
3814,GRWYKWA,1,mlacp2
3815,VRNSLRN,1,mlacp2
3816,CSKCNGRCGH,1,mlacp2
3817,PGLVIY,1,mlacp2
3818,TARGSSR,1,mlacp2
3820,ADDKNPLEECFCEDDDYCEG,1,mlacp2
3821,RICRRRSAGFKGPCVSNKNCAQVCMQEGWGGGNCDGPLRRCKCMRRC,1,mlacp2
3822,GIGTKILGGVKTALKGALGKELASTYAN,1,mlacp2
3823,CASLSCR,1,mlacp2
3824,FLFRVASKVFPALIGKFKKK,1,mlacp2
3826,QRLGNQWAVGHLM,1,mlacp2
3827,SRCKTGLCQ,1,mlacp2
3828,SRESPHP,1,mlacp2
3829,PPPYPPMIG,1,mlacp2
3830,ATCYCRTGRCATRESLSGVCEISGRLYRLCCR,1,mlacp2
3832,AEGEFGHWCDQHWLQYWYEGDPAK,1,mlacp2
3834,NMSPQLD,1,mlacp2
3836,VTCYCRRTRCGFRERLSGACGYRGRIYRLCCR,1,mlacp2
3837,WQPDTAHHWATL,1,mlacp2
3842,LGASWHRPDKGRRRQRRKKRGKKHRSTSQGKKSKLHSSHARSG,1,mlacp2
3843,RGEPAYQGRFL,1,mlacp2
3844,YKQCHKKGGKKGSG,1,mlacp2
3845,FLSFPTTKTYFPHFDLSHGSAQVKGHGAK,1,mlacp2
3847,KRKILILIGSG,1,mlacp2
3848,DAPNYLDFMTLDDQHV,1,mlacp2
3849,GQTKGRYYVPCFFNAITCYR,1,mlacp2
3850,KGIRGYKGGYCKGAFKQTCKCY,1,mlacp2
3851,TFCKAFPFHIIRRRRRRRR,1,mlacp2
3852,CELSLISKC,1,mlacp2
3853,CQLAAVC,1,mlacp2
3854,VPMYYPAPVPGAPFPLFPAQKREGQWGGFTKD,1,mlacp2
3858,GYFCESCRKIIQKLEDMVGPQPNEDTVTQAASQVCDKLKILRGLCKKIMR,1,mlacp2
3859,PAPDSSFLRDP,1,mlacp2
3860,LVQRGRFGRFLKKVRRFIPKVIIAAQIGSRFG,1,mlacp2
3863,LVGVRLL,1,mlacp2
3864,HPLRLPA,1,mlacp2
3865,GRGREPGAYPALDSRQE,1,mlacp2
3866,CVSGPRC,1,mlacp2
3868,ILGPVLSMVGSALGGFFKKI,1,mlacp2
3870,DFKDWMKTAGEWLKKKGPGILKAAMAAAT,1,mlacp2
3871,GMWSKIKETAMAAAKEAAKAAGKTISDMIKQ,1,mlacp2
3872,EQCGRQAGGKLCPNNLCCSQYGWCGSSDDYCSPSKNCQSNCKGGG,1,mlacp2
3873,HEVVAG,1,mlacp2
3874,GPKTKAACKMACKLATCGKKPGGWKCKLCELGCDAV,1,mlacp2
3875,KAYARIGNSYFK,1,mlacp2
3878,FIITGLVRGLTKLF,1,mlacp2
3879,ADGAPRPGAPLA,1,mlacp2
3880,FIVPSIFLLKKAFCIALKKC,1,mlacp2
3881,CRMTRNKPC,1,mlacp2
3882,GEDDLQDNQDLIRDKSN,1,mlacp2
3883,PTSFT,1,mlacp2
3884,FCTMIPIPRCY,1,mlacp2
3886,CRGDHAANC,1,mlacp2
3888,CHVLWSTRC,1,mlacp2
3889,GLGPRPLRF,1,mlacp2
3890,TSAVRT,1,mlacp2
3891,GFKDWIKGAAKKLIKTVASSIANQ,1,mlacp2
3892,DYDVFPD,1,mlacp2
3893,PICKRNGLPVCGETCTLGTCYTQGCTCSW,1,mlacp2
3894,RFRRLRKKTRKRLKKI,1,mlacp2
3895,CYTQYRKCQELTA,1,mlacp2
3896,IRKLKSWKWLRWL,1,mlacp2
3898,MPACGSS,1,mlacp2
3899,ISGPVLGLVGNALGGLIKKI,1,mlacp2
3900,GLMSSIGKALGGLIVDVLKPKTPAS,1,mlacp2
3901,FLPIVAKLLSGLLGRKKRRQRRR,1,mlacp2
3902,KKKLLLLLKKK,1,mlacp2
3903,ALLGDFFRKSKEKIGKEFKRIVQRIKDFLRNLVPRTES,1,mlacp2
3904,GACFSIAHECGA,1,mlacp2
3905,TAASGVRSMH,1,mlacp2
3906,RWFRIQLQIRRWRNRR,1,mlacp2
3907,RQIKIWFQNRRMKWKKSTKKLSECLKRIGDELDSNM,1,mlacp2
3908,FLSLIPHIVSGVASIAKHFG,1,mlacp2
3909,NRCRGVSCT,1,mlacp2
3910,ILELAGNAARDNKKTRIIPRHLQL,1,mlacp2
3911,CPRGSRC,1,mlacp2
3912,GKEFKRIVWLSKTAKKL,1,mlacp2
3913,GFKDGAADRISHGF,1,mlacp2
3916,CAAGTACTCAGTGTGGA,1,mlacp2
3917,KCCYSL,1,mlacp2
3918,AVRIGPCDQVCPRIVPERHECCRAHGRSGYAYCSGGGMYCN,1,mlacp2
3919,RKCEVPGCQ,1,mlacp2
3920,RGEPAYNGRFL,1,mlacp2
3921,RGDPAYQRFL,1,mlacp2
3923,FLSHIAGFLSNLF,1,mlacp2
3924,FLPGLIAGIAKML,1,mlacp2
3926,CDDRVIRTPLT,1,mlacp2
3927,CGVCNGRCGL,1,mlacp2
3929,FFSMIPKIAGGIASLVKNL,1,mlacp2
3931,GILSSIKGVAKGVAKNVAAQLLDTLKCKITGC,1,mlacp2
3932,VARGWKRKCPLFGKGGVARGWKRKCPLFGKGG,1,mlacp2
3933,KRAKAAGGWSHWSPWSSC,1,mlacp2
3934,SQWNSPPSSAAF,1,mlacp2
3935,CGEGHPC,1,mlacp2
3936,CLRSVGHCVQL,1,mlacp2
3937,CLVVHEAAC,1,mlacp2
3938,FFPNVASVPGQVLLKKIFCAISKKC,1,mlacp2
3940,FLSLIPHIASGIASLVKNF,1,mlacp2
3941,AAEWLDAFFVRHVDR,1,mlacp2
3942,VVDRFPD,1,mlacp2
3943,FIGAIARLLSKIF,1,mlacp2
3944,GPPPQGGRPQG,1,mlacp2
3945,SWLAYPGAVSYR,1,mlacp2
3946,EICVDGLCV,1,mlacp2
3947,RALWGLQH,1,mlacp2
3948,GGLKKLGKKLEGAGKRVFNAAEKALPVVAGAKALRK,1,mlacp2
3949,FASLLGKALKALAKQ,1,mlacp2
3950,CNYYSNSGGYGRKKRRQRRR,1,mlacp2
3951,FLFKLIPKVIKGLVKAIRK,1,mlacp2
3952,FIQHLIPLIPHAIQGIKDIF,1,mlacp2
3953,RIRDAIAHGYIVDKV,1,mlacp2
3954,ILGKLLSTAAGLLSNL,1,mlacp2
3955,CPIRPMEDC,1,mlacp2
3957,WWSGLEA,1,mlacp2
3958,GSSSGRGDSPA,1,mlacp2
3959,HIMQK,1,mlacp2
3960,GFGCPLDQMQCHRHCQTITGRSGGYCSGPLKLTCTCYR,1,mlacp2
3961,WHSDMEWWYLLG,1,mlacp2
3962,EQRPR,1,mlacp2
3964,DQYKCLQHGGFCLRSSCPSNTKLQGTCKPDKPNCCKS,1,mlacp2
3965,LAAKLTKAATKLTAALTKLAAALT,1,mlacp2
3966,CTQDRQHPC,1,mlacp2
3967,GIISLAKSLCCTGIGISFCC,1,mlacp2
3968,RIPLEM,1,mlacp2
3972,ADTLACRQSHQSCSFVACRAPSVDIGTCRGGKLKCCKWAPSS,1,mlacp2
3973,MITLAIPVNKPGR,1,mlacp2
3974,FFGAIAAALPHVISAIKNAL,1,mlacp2
3975,RDGDSCRGGGPV,1,mlacp2
3976,HNAYWHWPPSMT,1,mlacp2
3978,TDSILRSYDWTY,1,mlacp2
3979,LTVSPWYGCGKLAKLAKKLAKLAK,1,mlacp2
3980,CALRDRPMC,1,mlacp2
3982,FLSLIPHAINAVGVHAKHF,1,mlacp2
3983,YIIKGVFWDPAC,1,mlacp2
3984,YHTRIALPDNLP,1,mlacp2
3987,FLPIVGRLISGLL,1,mlacp2
3989,QPPMEYS,1,mlacp2
3990,GICKDLWCQ,1,mlacp2
3991,HTMYYHHYQHHL,1,mlacp2
3993,KRIRFFERIRDRLRDLGNRIKNRIRDFFS,1,mlacp2
3994,FHYGLTKPEESSSNPGAD,1,mlacp2
3995,VRAVCTTLKSRGHEECWSLQ,1,mlacp2
3996,SHTCEICAFAACAGC,1,mlacp2
3997,SKRKHRCIYKPRQCSKLFVSSY,1,mlacp2
3998,NFDEIDRSA,1,mlacp2
3999,RRRIIIIIRRR,1,mlacp2
4000,GLWSKIKDAAKTAGKAALGFVNEMV,1,mlacp2
4001,GETCAGGTCNTPGCSCSWPICTRNGLPVC,1,mlacp2
4002,LTGTCLQYQSRCGNTR,1,mlacp2
4004,CIAKGNGCQPSGVQGNCCSGHCHKEPGWVAGYCK,1,mlacp2
4005,GKPRPYSPRPTSHPRPIRV,1,mlacp2
4006,WNWSKSF,1,mlacp2
4007,LTYQTWP,1,mlacp2
4008,LDCLSELCS,1,mlacp2
4010,GIPCAESCVYIPCTITALLGCKCKDQVCYN,1,mlacp2
4011,GLFDIVKKVVGTIAGL,1,mlacp2
4012,DGGNTSTFSED,1,mlacp2
4013,DTHFPICIFCCGCCHRSKCGMCCKT,1,mlacp2
4014,GFRDVLKGAAKAFVKTVAGHIANI,1,mlacp2
4015,AANFGPSVFTPEVHETWQKFLNVVVAALGKQYH,1,mlacp2
4016,KKEKDIMKKTI,1,mlacp2
4017,GATYAKKIIKTITKIATTAW,1,mlacp2
4018,SISEESHASSDAKQSKDEDVSRV,1,mlacp2
4019,CLGIGSCNDFAGCGYAVVCFW,1,mlacp2
4020,CGESCVWIPCISSAIGCSCKSKVCYRNGIP,1,mlacp2
4022,GFLDIIKDTGKEFAVKILNNLKCKLAGGCPP,1,mlacp2
4023,CKTRVSCGV,1,mlacp2
4025,SKVLYYNWE,1,mlacp2
4026,GFGCPGNQLKCNNHCKSISCRAGYCDAATLWLRCTCTDCNGKK,1,mlacp2
4027,SQLGDLGSGAGQGGGGGGSIRAAGGAFGKLEAAREEEFFYKKQKEQLERL,1,mlacp2
4028,QEDAELQPR,1,mlacp2
4032,DVQCGEGHFCHDQTCCRASQGGACCPYSQGVCCADQRHCCPVGF,1,mlacp2
4033,PMVAVYGT,1,mlacp2
4034,QYECPVGLWCD,1,mlacp2
4035,TRVVWCAVG,1,mlacp2
4036,KAFWGLQH,1,mlacp2
4037,CVWIPCISAAIGCSCKSKVCYRNSLDLN,1,mlacp2
4038,LQNPTPE,1,mlacp2
4039,ACGILHDNCVYVPAQNPCCRGLQCRYGKCLVQV,1,mlacp2
4041,HTASDAAAAAALTAANAAAAAAASMA,1,mlacp2
4042,CTFTLPGGGGVCTLTSECIC,1,mlacp2
4044,CIKNGNGCQPNGSQNGCCSGYCHKQPGWVAGYCRRK,1,mlacp2
4045,ADDRNPLEEFRENNYEEFL,1,mlacp2
4047,KGHHGKHG,1,mlacp2
4048,GCASRCKAKCAGRRCKGWASASFRGRCYCKCFRC,1,mlacp2
4049,RRWRIVVIRVRR,1,mlacp2
4050,DKLIGSCVWGATNYTSDCNAECKRRGYKGGHCGSFWNVNCWCEE,1,mlacp2
4051,NGRAHA,1,mlacp2
4053,HHEWTHHWPPP,1,mlacp2
4054,IKFEPPLPPKKAH,1,mlacp2
4057,CGKRK,1,mlacp2
4058,LIATGTF,1,mlacp2
4059,GILSKLGKALKKAAKHAAKA,1,mlacp2
4060,VCSCRLVFCRRTELRVGNCLIGGVSFTYCCTRV,1,mlacp2
4061,WGRAFRRLVRRLARGLRR,1,mlacp2
4063,RRLRLLLRLRR,1,mlacp2
4064,EVERKHPLGGSRPGRCPTVPPGTFGHCACLCTGDASEPKGQKCCSN,1,mlacp2
4065,CYTADPC,1,mlacp2
4066,FLSLIPHAINAVSTLVHHF,1,mlacp2
4067,RGDPAYNGRFL,1,mlacp2
4068,KKKFFFFFKKK,1,mlacp2
4072,GFGCPNNYQCHRHCKSIPGRCGGYCGGWHRLPCTCYRCG,1,mlacp2
4073,TTGGTCCTTCAAGAGCTG,1,mlacp2
4075,LDHFAPM,1,mlacp2
4077,CGLSDSC,1,mlacp2
4078,IRPGNFDEIDRSVFDRFP,1,mlacp2
4079,GFGSKPLDSFGLNFF,1,mlacp2
4080,PSTNHAL,1,mlacp2
4082,GCSVSSVGALCTHV,1,mlacp2
4083,FLPLILRKIVTAL,1,mlacp2
4084,PNEVNRLAHLRLH,1,mlacp2
4085,KNLRRITRKIIHIIKKYG,1,mlacp2
4086,CYLGVSNC,1,mlacp2
4087,PMMRQRPM,1,mlacp2
4088,CGRECPRLCQSSC,1,mlacp2
4089,LIKKALAALAKLNI,1,mlacp2
4090,DFDEIDR,1,mlacp2
4091,CGESCVFIPCISSVIGCACKSKVCYKNGSIP,1,mlacp2
4092,QHAPSNSKSVLT,1,mlacp2
4094,FTTVCRQPRGHEAIVCGSGK,1,mlacp2
4095,KILRGVSKRILTGKK,1,mlacp2
4097,WGRAFSAGVHRLARGGRG,1,mlacp2
4098,CPTCNGRCVR,1,mlacp2
4102,YTSPHHSTTGHL,1,mlacp2
4103,GLLSVFKGVLKTAGKNVAKNVAGSLLDQLKCKISGGC,1,mlacp2
4104,ATAVDFGPHGLLPIRPIRIRPLCGKDKS,1,mlacp2
4105,FVPAILCSILKTC,1,mlacp2
4106,RGLARPDCERFVFHPHCRGTQA,1,mlacp2
4107,CVRPGRVC,1,mlacp2
4109,NACESAICG,1,mlacp2
4110,ALVGLMR,1,mlacp2
4111,WCASGCRKKRHGGCSC,1,mlacp2
4114,IYLATALAKWALKQGFGGRRRRRRR,1,mlacp2
4115,GLPTCGETCTLGKCNTPKCTCNWPICYKD,1,mlacp2
4117,RVRRFWPLVPVAINTVAAGINLYKAIRRK,1,mlacp2
4118,WKEPAYQRFL,1,mlacp2
4119,GSLCGDTCFVLGCNDSSCSCNYPICVKD,1,mlacp2
4120,RGDFK,1,mlacp2
4121,CETPSKHFNGLCIRSSNCASVCHGEHFTDGRCQGVRRRCMCLKPC,1,mlacp2
4122,HGPVNVFIPVLIGPSWNGSGSGYNSATSSSGSGS,1,mlacp2
4123,GYPMYPLPR,1,mlacp2
4125,RTCESQSHRFKGPCARDSNCATVCLTEGFSGGDCRGFRRRCFCTRPC,1,mlacp2
4127,IIGPVLGLIGKALGGLL,1,mlacp2
4129,QLNSCIHSGDRAIRGCMDWV,1,mlacp2
4130,GVPCGESCVFIPCITGVIGCSCSSNVCYLN,1,mlacp2
4131,PRPGAPLAGSWPGTS,1,mlacp2
4132,RIVDCEKYPFHMQCRGIQT,1,mlacp2
4133,SLDSLGSFQVHGW,1,mlacp2
4134,FIHHIFRGIVHAGRSIGRFLTG,1,mlacp2
4135,ALSILKGLEKLAKMGIALTNCKATKKC,1,mlacp2
4136,GIMDTVKNAAKNLAGQLLDKLKCSITAC,1,mlacp2
4137,KTCENLADDY,1,mlacp2
4138,ALGVPLKRK,1,mlacp2
4140,CRGDGWC,1,mlacp2
4141,ACYCRIGACVSGERLTGACGLNGRIYRLCCR,1,mlacp2
4142,ALKAALLAILKIVRVIKK,1,mlacp2
4143,PLLPYGS,1,mlacp2
4144,NEESLFSGR,1,mlacp2
4145,WIEPAYQRFL,1,mlacp2
4146,LTVSPWYGCGQLGKKKHRRRPSKKKRHW,1,mlacp2
4147,CGRGDSPDC,1,mlacp2
4148,SKRNTWTPSGSNTKWMVEWSGQNLDSGALGTITVDVLRKGN,1,mlacp2
4150,SMSIASPYIALE,1,mlacp2
4151,GFGKAFHSVSNFAKKHKTA,1,mlacp2
4152,RSCAEPWCY,1,mlacp2
4153,CYVELHC,1,mlacp2
4154,IKLSPETKDNLKKVLKGAIKGAIAVAKMV,1,mlacp2
4155,HFLGTLVNLAKKIL,1,mlacp2
4156,VTCRSLMCQ,1,mlacp2
4157,WFGKLYRGKTKVVKKVKGLLKG,1,mlacp2
4158,YREYPIMFEDDQPL,1,mlacp2
4159,FLPLIGKILGTIL,1,mlacp2
4160,CRGDCGGKWCFRVCYRGICYRRCR,1,mlacp2
4162,RGDGWK,1,mlacp2
4164,ELCEKASKTWSGNCGNTGHCDNQCKSWEGAAHGACHVRNGKHMCFCYFNC,1,mlacp2
4165,PAKPKPRPGKLSSFTLHLAPGSDGKPRCHYP,1,mlacp2
4167,GIKEMLCNMACAQTVCKKSGGPLCDTCQAACKALG,1,mlacp2
4168,RCFRRRGKLTC,1,mlacp2
4169,HPLSKHPYWSQP,1,mlacp2
4170,TVWNPVG,1,mlacp2
4171,CIWVSDGKKLWRH,1,mlacp2
4172,CRGDK,1,mlacp2
4173,GPSSRLVLSHPLN,1,mlacp2
4174,ALFSILRGLKKLGNMGQAFVNCKIYKKC,1,mlacp2
4175,RILRGVSRRIMRRILTGRR,1,mlacp2
4176,FFSASCVPGADKGQFPNLCRLCAGTGENKCA,1,mlacp2
4177,FLSLIPKIATGIAALAKHL,1,mlacp2
4179,KILRGVSKKIMRRILTGKK,1,mlacp2
4180,KKAAKAWAKGAKKAKKLAKGAG,1,mlacp2
4183,KTCENLADTYKGPCFTTGSCDDHCKNKEHLRSGRCRDDFRCWCTKNC,1,mlacp2
4184,FRCLERVCT,1,mlacp2
4185,PLASRPM,1,mlacp2
4187,LIGPVLGLVGSALGGLLKKI,1,mlacp2
4189,YGRKKRRQRRRGGGLGASWHRPDKGGGGLRRMADDLNAQY,1,mlacp2
4192,CVSNPRWKC,1,mlacp2
4193,MMSQLAH,1,mlacp2
4194,CRGDKGPDC,1,mlacp2
4195,LVTRTNICIHQ,1,mlacp2
4196,APGNKAECEREKGYCGFLKCSFPFVVSGKCSRFFFCCKNIW,1,mlacp2
4198,CVWCNGRCGL,1,mlacp2
4199,ARCRVDPCV,1,mlacp2
4200,NQPTRAL,1,mlacp2
4201,GDVWLFLTSTSHFAR,1,mlacp2
4202,RWRTNF,1,mlacp2
4204,GANLAKKFYTYINKFINYAW,1,mlacp2
4206,WRPCES,1,mlacp2
4208,RHCFSQWCS,1,mlacp2
4209,KRCKNKMEGDDVAVSGRGARKAAKK,1,mlacp2
4210,FLPVIAGLLSKLF,1,mlacp2
4212,RGSALTHLP,1,mlacp2
4213,ANDPQCLYGNVAAKF,1,mlacp2
4214,PVNFKFLSH,1,mlacp2
4215,GTSCGETCVLLPCLSSVLGCTCQNKRCYKD,1,mlacp2
4217,FLPLLLAGLPLKLCFLFKKC,1,mlacp2
4218,GLFLDTLKGAAKDVAGKLEGLKCKITGCKLP,1,mlacp2
4220,GFGCPFNQYECHAHCSGVPGYKGGYCKGLFKQTCNCY,1,mlacp2
4221,MTEEY,1,mlacp2
4223,CRTCNGRCLE,1,mlacp2
4224,LRTNVVH,1,mlacp2
4225,FFPIGVFCKIFKTC,1,mlacp2
4226,QSADRSV,1,mlacp2
4227,KLCGETCFKFKCYTPGCSCSCSYPFCK,1,mlacp2
4229,STKLLHE,1,mlacp2
4230,LKAAAAAAKLAAKAAKAALKAAAAAAKL,1,mlacp2
4231,FLPLVTMLLGKLF,1,mlacp2
4232,SPLLSTRAVQLS,1,mlacp2
4233,LTVSPLWD,1,mlacp2
4235,NGVQPKYRWWRWWRRWW,1,mlacp2
4236,CGLMCQGACFDVC,1,mlacp2
4238,IPWFPLTP,1,mlacp2
4241,GFCWNVCVYRNGVRVCHRRCN,1,mlacp2
4242,FLGAILKIGHALAKTVLPMVTNAFKPKQ,1,mlacp2
4243,DHYICAKKGGTCNFSPCPLFNRIEGTCYSGKAKCCIR,1,mlacp2
4244,PMAHLEF,1,mlacp2
4245,NSSSCDTSVVRSTWACILQP,1,mlacp2
4247,NPEKALEKLIAIQKAIKGMLNGWFTGVGFRRKR,1,mlacp2
4248,TTREKNL,1,mlacp2
4249,VPAESEAAHLRVRRGFGCPLNQGACHNHCRSIRRRGGYCSGIIKQTCTCY,1,mlacp2
4251,ALWKTIIKGAGKMIGSLAKNLLGSQAQPES,1,mlacp2
4252,DWTAWSALVAAACSVELL,1,mlacp2
4254,MQFITDLIKKAVDFFKGLFGNK,1,mlacp2
4256,GANAAKKFATIAKKFINYLW,1,mlacp2
4257,FLSLIPKAISAISALANHF,1,mlacp2
4258,GLLLVVP,1,mlacp2
4259,ECKFTVKPYLKRFQVYYKGRMWCP,1,mlacp2
4262,GKCAGQWAIHACAGGNG,1,mlacp2
4263,MPFLFCNVNDVCNFASRNDYSCNYYSNSYSFWLASLNPER,1,mlacp2
4264,CEGVNGRRLR,1,mlacp2
4265,LTVSPWYGCGQLGRRRHRRRPSRRRRHW,1,mlacp2
4266,ADDKNPLEECFRETDYEEFLEIARNGLKATSNPKRVV,1,mlacp2
4268,CPIDERPMC,1,mlacp2
4269,RRRFFFFFRRR,1,mlacp2
4270,LTVSPWT,1,mlacp2
4272,NLYVASW,1,mlacp2
4274,CEKRGDNLC,1,mlacp2
4276,RRRRRRRGGIYLATALAKWALKQGF,1,mlacp2
4277,GLFDIIKKIAESFGLFGVLAKVAAHVVPAIAEHF,1,mlacp2
4279,KTCENLATYYRGPCF,1,mlacp2
4280,ARVSFWRYSSFAPTY,1,mlacp2
4281,YCAYYSPRHKTTF,1,mlacp2
4282,CTPSPPFSHC,1,mlacp2
4283,FVSACSVAG,1,mlacp2
4284,CISLDRSC,1,mlacp2
4285,KRFKKFFKKVKKSVKKRLKKIFKKPMVIGVTIPF,1,mlacp2
4286,GICRCICGRGICRCICGR,1,mlacp2
4287,CPLCNGRCAL,1,mlacp2
4288,FLPIASLLGKYL,1,mlacp2
4289,CNGRCGGKLAKLAKKLAKLAK,1,mlacp2
4290,GCSRWIIGIHGQICRD,1,mlacp2
4291,ASIIKTTIKVSKAVCKTLTCICTGSCSNCK,1,mlacp2
4292,RGEPAYQRFL,1,mlacp2
4293,LPGALSELS,1,mlacp2
4294,CGQKRTRGC,1,mlacp2
4295,VALTGLTVAEYFR,1,mlacp2
4296,EQGALIDIPWN,1,mlacp2
4297,RYCPSGCRKKPYGGGCSC,1,mlacp2
4298,RRRVVVVVRRR,1,mlacp2
4300,HKNKGKKN,1,mlacp2
4301,SAELPGLYSSGEE,1,mlacp2
4302,CSDWQHPWC,1,mlacp2
4303,YRCREVLCQ,1,mlacp2
4304,GLKVCGRYPGICDGIR,1,mlacp2
4306,LVPFIGRTLGGLLARF,1,mlacp2
4307,LVPCLPGC,1,mlacp2
4308,KKSHSEGMSM,1,mlacp2
4309,HQSVNKE,1,mlacp2
4311,TWGHLRA,1,mlacp2
4312,CSTNTFSLSDYWGNNGAWCTLTHECMAWCK,1,mlacp2
4313,FLPLLISALTSLFPKLGK,1,mlacp2
4315,IVADYQR,1,mlacp2
4316,PFDSRAVTY,1,mlacp2
4317,DRPARHPQE,1,mlacp2
4318,DGSTDYGILQINSRWW,1,mlacp2
4319,IETFLKQLRSAANKIVGL,1,mlacp2
4320,AACSDRAHGHICESFKSFCKDSGRNGVKLRANCKKTCGLC,1,mlacp2
4321,FLPLIAGLAANFLPKIFCAITKKC,1,mlacp2
4322,DDFLCAGGCL,1,mlacp2
4323,GWFKKTFHKVSHAVKSGIHAGQRGCSALGF,1,mlacp2
4325,FALGAVTKVLPKLFCLITRKC,1,mlacp2
4327,KGILGLLLTGIL,1,mlacp2
4329,CRGSGAGRC,1,mlacp2
4330,GARECESGGPGMRKLCTQIN,1,mlacp2
4334,WEEPAYQRFL,1,mlacp2
4336,ADCRQKPCL,1,mlacp2
4337,FLPAALAGIGGILGKLF,1,mlacp2
4338,HCQRPA,1,mlacp2
4339,RWKIFKKAAKKG,1,mlacp2
4341,GCRRLCWRQRCVTWCRGR,1,mlacp2
4342,CRFCCRCCPRMRGCGLCCRF,1,mlacp2
4343,GGVCPKILQRCRRDSDCPGACICRGNGYCGSGSD,1,mlacp2
4345,CLSYYPSYC,1,mlacp2
4346,GPSGNLHIRPAS,1,mlacp2
4347,IHFPSAS,1,mlacp2
4349,FLGALWNVAKSVF,1,mlacp2
4350,ATRVVYCNRRSGSVVGGDDTVYYEG,1,mlacp2
4351,NGFSHHAPLMRY,1,mlacp2
4352,FLGGLMKAFPAIICAVTKKC,1,mlacp2
4354,DRWRPALPVVLFPLH,1,mlacp2
4355,SMSIASPQIPWS,1,mlacp2
4357,PWVPLIPI,1,mlacp2
4359,TECDMSRCM,1,mlacp2
4360,CGRRAGGSC,1,mlacp2
4361,GCSSTPPC,1,mlacp2
4362,QFLLAGR,1,mlacp2
4363,MPRRRRSSSRPVRRRRRPRVSRRRRRRGGRRR,1,mlacp2
4364,AVDLAKIANKVLSSLF,1,mlacp2
4365,FLPFIARLAAKVFPSIICSVTKKC,1,mlacp2
4366,CIPMAWAVSWPHP,1,mlacp2
4367,CPLCNGRCAR,1,mlacp2
4368,GLPCGESCVFIPCITTVVGCSCKNKVCYNN,1,mlacp2
4370,KRKILILILIKRK,1,mlacp2
4371,GIKHILFMAKTKLPRATCTAEIKENCDRKK,1,mlacp2
4372,CRTCNGRCQV,1,mlacp2
4373,VDKGSYLPRPTPPRPIYNRN,1,mlacp2
4374,VNSHQALWSPAQ,1,mlacp2
4375,SFLTTVKKLVTNLAALAGTVIDTIKCKVTGGCRT,1,mlacp2
4377,NRTFKTNTKCHVKNQCNFLCQ,1,mlacp2
4378,AGCRVESC,1,mlacp2
4379,AQRCGDQARGAKCPNCLCCGKYGFCGSGDAYCGAGSCQSQCRGCR,1,mlacp2
4380,GNNRPVYIPQPRPPHPRL,1,mlacp2
4381,KYLNFAKWLKGANLAKYANA,1,mlacp2
4382,FKVQNQHGQVVKIFHH,1,mlacp2
4385,CGEACGGQCALPC,1,mlacp2
4386,GFLSILKKVLPKVMAHMK,1,mlacp2
4388,NFAEIFAAVNKLIKQGVVKG,1,mlacp2
4391,FLGVVFKLASKVFPAVFGKV,1,mlacp2
4392,ALWKDILKNAGKAALNEINQLVNQ,1,mlacp2
4393,AFKLLGRIIHHVGNFVYGFSHVF,1,mlacp2
4394,MARSGL,1,mlacp2
4395,CIRSAVSC,1,mlacp2
4397,CGNKRTRGC,1,mlacp2
4400,CEYQLDVE,1,mlacp2
4401,RGWRRWGRKWAHGWKKYG,1,mlacp2
4402,APRPGPWLWSNADSV,1,mlacp2
4404,PTEAQLQ,1,mlacp2
4405,GRKKRRQRRRPQMDGSGEQLGSGGPTSSEQIMKTGAFLLQGFIQ,1,mlacp2
4406,AKKVFKRLEKLFSKIQNDK,1,mlacp2
4409,RRRYIGRYVRFWK,1,mlacp2
4410,GLLEALAELLEGRKKRRQRRRPPQ,1,mlacp2
4412,DVCFVDLLCLV,1,mlacp2
4413,CGESCVFIPCISTLLGCSCKNKVCYRNGVIP,1,mlacp2
4414,CTDYVRC,1,mlacp2
4415,CRSRKG,1,mlacp2
4417,LSTAADMQGVVTDGMASGLDKDYLKPDD,1,mlacp2
4418,CLSGSLSC,1,mlacp2
4419,FLPVLAGIAAKVVPALFCKITKKC,1,mlacp2
4420,GRCLLMQCR,1,mlacp2
4421,TPRTQKA,1,mlacp2
4422,YRGGYTGPIPRPPPIGRPPFRPVCNACYRLSVSDARNCCIKFGSCCHLVK,1,mlacp2
4423,RQIRIWFQNRRMRWRR,1,mlacp2
4425,SKSSGVS,1,mlacp2
4426,CGRCNGRCLL,1,mlacp2
4427,SIVNCSAALTDLPTRCGGNI,1,mlacp2
4428,RRLFRRILRRL,1,mlacp2
4429,SLDSMSPQWHAD,1,mlacp2
4434,MLPKPSSFPVPG,1,mlacp2
4436,FIHHIIGGLFSAGKAIHRLIRRRRR,1,mlacp2
4437,GSLACQNIVVCVKKQCNALC,1,mlacp2
4438,GEILCNLCTGLINTLENLLTTKGADKVKDYISSLCNKASGFIATLCTKVL,1,mlacp2
4439,WTEPAYQRFL,1,mlacp2
4440,RWFKIQLQIRRWKNKK,1,mlacp2
4442,FASGIAGMAGKLF,1,mlacp2
4444,FFPMLAGVAARVVPKVICLITKKC,1,mlacp2
4446,FLPPSPWKETFRTS,1,mlacp2
4447,AAVALLPAVLLALLAPQLGKKKHRRRPSKKKRHW,1,mlacp2
4449,LIAKTALPQTNK,1,mlacp2
4450,CERACRNLCREGC,1,mlacp2
4451,CRGDRGPDC,1,mlacp2
4452,HTCLVALCA,1,mlacp2
4453,RSCIKHQCP,1,mlacp2
4454,FMEIET,1,mlacp2
4455,GHLIPLRQPSH,1,mlacp2
4456,FLPVILPVIGKLLSGIL,1,mlacp2
4457,FKIGGFIKKLWRSKLA,1,mlacp2
4458,TLTVLPW,1,mlacp2
4459,FFPIIAGMAAKLIPSLFCKITKKC,1,mlacp2
4460,ATRSYGNGVYCNNSKCWVNWGEAKENIAGIVISGWASGLAGMGH,1,mlacp2
4461,VPWMEPAYQRFL,1,mlacp2
4462,QRSPMMSRIRLP,1,mlacp2
4463,EACEMAGCL,1,mlacp2
4464,GLRKRLRKFRNKIKEKGLRKRLRKFRNKIKEK,1,mlacp2
4465,GLLEALAELLEGLRKRLRKFRNKIKEK,1,mlacp2
4466,ATCDLLSPFKVGHAACAAHCIARGKRGGWCDKRAVCNCRK,1,mlacp2
4468,EPNPDEFFGLM,1,mlacp2
4469,CTGRGDALC,1,mlacp2
4470,FIGLLISAGKAIHDLIRRRH,1,mlacp2
4471,SYPLSFLGPLIS,1,mlacp2
4472,KRFKKFFKKLKNSVKKRAKKFFKKPKVIGVTFPF,1,mlacp2
4473,VGFGKAL,1,mlacp2
4474,ILSLRWRWWKWKK,1,mlacp2
4475,GEVVQRKQ,1,mlacp2
4476,ATCDLLSAFGVGHAACAAHCIGHGYRGGYCNSKAVCTCRR,1,mlacp2
4478,EEEEEEEEEEKKRLKKIFKKPMVIGVTIPF,1,mlacp2
4480,SMWSGMWRRKLKKLRNALKKKLKGE,1,mlacp2
4481,YERDPRQQYEQCQRRCESEATEEREQEQCEQRCEREYKEQQRQQEEE,1,mlacp2
4482,THTLTRVNLESPGPERVW,1,mlacp2
4483,TPRNLRTSNTHR,1,mlacp2
4484,RVCFLWQDGRCVF,1,mlacp2
4485,FSIIKDSR,1,mlacp2
4486,ALWKNMLKGIGKLAGKAALGAVKKLVGAES,1,mlacp2
4487,LPGMMG,1,mlacp2
4489,NSFPLMLMHHHP,1,mlacp2
4491,DKPTAFVSVYLKTAL,1,mlacp2
4495,RGGRLCYCRGWICFCVGR,1,mlacp2
4496,CGGERGKSC,1,mlacp2
4498,KGCALVKVRGLTLKVCK,1,mlacp2
4499,QFPPKLTNNSML,1,mlacp2
4500,RSMRLSFRARGYGFR,1,mlacp2
4502,APYDPDWYYIR,1,mlacp2
4503,GLWDSIKNFGKTIALNVMDKIKCKIGGGCPP,1,mlacp2
4504,FLPVVAGLAAKVLPSIICAVTKKC,1,mlacp2
4505,CGVGSSC,1,mlacp2
4508,CGRGDNLAC,1,mlacp2
4509,SFPDSNIAPSSP,1,mlacp2
4510,CRGDHGVEC,1,mlacp2
4511,YMFWTSR,1,mlacp2
4512,DECRVKRCMK,1,mlacp2
4513,GRSQMQI,1,mlacp2
4514,DLSWEMEYPELDSPEEKQSSEATKVDKGKQL,1,mlacp2
4515,IYCPGQECE,1,mlacp2
4516,RRGCFRVCYRGFCFQRCR,1,mlacp2
4517,HLGSLYKPRRNDDSFDNFDEE,1,mlacp2
4519,WRVLAAF,1,mlacp2
4520,IQQGN,1,mlacp2
4521,CGESCVFIPCLTSAIDCSCKSKVCYRNGIP,1,mlacp2
4522,FLPIALKALGSIFPKIL,1,mlacp2
4523,SEFIHHWTPPPS,1,mlacp2
4524,KAKAKAVSRSARAGLQFPVGRIHRHLK,1,mlacp2
4525,HKHGHGHGKHKNKGK,1,mlacp2
4526,CIRCNGRCSV,1,mlacp2
4527,GCWSTVLGGLKKFAKGGLEAIVNPK,1,mlacp2
4528,FLSTIWNGIKSLL,1,mlacp2
4529,APAGLVAKFGRPIVKKYYKQIMQFIGEGSAINKIIPWIARMWRT,1,mlacp2
4533,NFDEIDRA,1,mlacp2
4534,LRPLLRPLLRPLLRPLLRPLLRPLLRPL,1,mlacp2
4535,GLPVCGETCFTGSCYTPGCSCNWPVCNRN,1,mlacp2
4537,AQCGAQGGGATCPGGLCCSQWGWCGSTPKYCGAGCQSNCK,1,mlacp2
4538,RWKIFKKIERVGQNVRDGIIKAGPAIQVLGTAKALGK,1,mlacp2
4540,GETDPNTQLLNDLGNNMAWGAALGAPGGLGSAALGAAGGALQTVGQGLID,1,mlacp2
4541,GNGRAHA,1,mlacp2
4542,FSPQMLQDIIEAATAIL,1,mlacp2
4544,RKLILKRKRILIKR,1,mlacp2
4545,GLFDKWAWWRWRR,1,mlacp2
4546,RGDPAYQGRFL,1,mlacp2
4549,PAWRKAFRWAWHMLHHAA,1,mlacp2
4550,GFALAGLARILCLWFREFSGFFRRLNRRFAMRRR,1,mlacp2
4551,ATYYGNGLYCNKEKCWVDWNQAKGEIGKIIVNGWVNHGPWAPRR,1,mlacp2
4552,FFPVIGRILNGIL,1,mlacp2
4553,QACPMLLCM,1,mlacp2
4554,GIGDPVTCLKSGAICHPVFCPRRYKQIGTCGLPGTK,1,mlacp2
4555,AGCINGLCG,1,mlacp2
4556,DYPKLTFTTS,1,mlacp2
4557,SMSIGSPYITFG,1,mlacp2
4559,GGCLQILPTLSECFGR,1,mlacp2
4560,ALPKKLKYLNLFNDGFNYMGVV,1,mlacp2
4561,GLLRRLRDFLKKIGEKFKKIGY,1,mlacp2
4562,QEYSPNLWGHEFRSH,1,mlacp2
4563,APRPG,1,mlacp2
4564,QSRLSLG,1,mlacp2
4565,YAYDGKDYIAL,1,mlacp2
4568,GFGSLFKFLAKKVAKTVAKQAAKQGAKYIANKQTE,1,mlacp2
4569,RHTVCRVSLSSVQGSCSHEY,1,mlacp2
4570,KKKVVVVVKKK,1,mlacp2
4571,RYPAGLPFL,1,mlacp2
4574,FLGALFKVASKVLPSVFCAITKKC,1,mlacp2
4575,RRRLLLLLRRR,1,mlacp2
4576,GLPTCGETCFKGKCYTPGCSCSYPICKKD,1,mlacp2
4578,LKIPGFVKDTLKKVAKGIFSAVAGAMTPS,1,mlacp2
4579,CLSCNGRCPS,1,mlacp2
4580,QTCCGSKVFCC,1,mlacp2
4582,WIFPWIQL,1,mlacp2
4583,RPARPAR,1,mlacp2
4585,LINTRCCPGQPCCRM,1,mlacp2
4586,EFTNVSCTTSKECWSVCQRLHNTSRGKCMNKKCRCYS,1,mlacp2
4587,GSFAFLV,1,mlacp2
4588,CVLIGQRCDNDRGPRCCSGQGNCVPLPFLGGVCAV,1,mlacp2
4589,APSQTYH,1,mlacp2
4590,QAGGQTCPGGICCSQWGYCGTTADYCSPNNNCQSNCWASG,1,mlacp2
4591,FLSGIVGMLGKLF,1,mlacp2
4592,FLGAIAQALTSLLGKL,1,mlacp2
4593,ETCASRCPRPCNAGLCCSIYGYCGSGAAYCGAGNCRCQCRG,1,mlacp2
4594,FLGALAKIISGIF,1,mlacp2
4595,ASSSYPLIHWRPWAR,1,mlacp2
4597,GRGDSPK,1,mlacp2
4598,ACNFQSCWATCQAQHSIYFRRAFCDRSQCKCVFVRG,1,mlacp2
4599,TQQPLEGHQLPY,1,mlacp2
4600,RLQLKL,1,mlacp2
4601,CAWYNISCRLGNKGAYCTLTVECMPSCN,1,mlacp2
4602,CIEGVLGGC,1,mlacp2
4603,ALYKKFKKKLLKSLKRL,1,mlacp2
4604,KDEPQRRSARLSAKPAPPKPEPKPKKAPAKKC,1,mlacp2
4605,VPCRFKQCW,1,mlacp2
4606,SPLGYGFAVRNSG,1,mlacp2
4607,RAALAVVLGRGGPR,1,mlacp2
4609,FLSLLPSIVSGAVSLAKKL,1,mlacp2
4610,TLNINRLILPRT,1,mlacp2
4611,AHLPIVRASLPS,1,mlacp2
4612,RQNSCTYSDARRWALCWSGE,1,mlacp2
4613,CGTRVDHC,1,mlacp2
4614,SNDIYFNFQR,1,mlacp2
4615,FPCEGKKCL,1,mlacp2
4616,SGRGKTGGKARAKAKTRSSRAGLQFPVGRVHRLLRKGNYAQRVGAGAPVY,1,mlacp2
4617,CPHSKPCLC,1,mlacp2
4618,APSFCGTAMLGASRYCYSGP,1,mlacp2
4619,GGTIFDCGESCFLGTCYTKGCSCGEWKLCYGTN,1,mlacp2
4622,SFNQPYLYKTAF,1,mlacp2
4623,FLPLVTGLLSGLL,1,mlacp2
4624,PPIFVLPPYV,1,mlacp2
4625,RQIKIWFQNRRMKWKKKHSSGCAFL,1,mlacp2
4626,DVVIDGACPDMK,1,mlacp2
4628,IRPIIRPIIRPIIRPIIRPIIRPIIRPI,1,mlacp2
4630,GLKKLLGKLLKKLGKLLLK,1,mlacp2
4631,HTFEPGV,1,mlacp2
4632,SQETFSDLWKLLPEN,1,mlacp2
4634,KKCNFFCKLKKKVKSVGSRNLIGSATHHHRIYRV,1,mlacp2
4635,CREKAKKLFKKILKKL,1,mlacp2
4636,GVDSSFLRL,1,mlacp2
4637,GAVPCGETCVYLPCITPDIGCSCQNKVCYRD,1,mlacp2
4639,KPPPWVPV,1,mlacp2
4640,RRFRFFFRFRR,1,mlacp2
4641,AVLDFIKAAGKGLVTNIMEKVG,1,mlacp2
4642,GANAAKKLATFAKKIFTAYW,1,mlacp2
4643,MKRGFSSIFRGVAKFASKGLGKDLAKLGVDLVACKISKQC,1,mlacp2
4644,TRSRWRRFIRGAGRFARRYGWRIA,1,mlacp2
4645,FLPAVLRVAAKIVPTVFCAISKKC,1,mlacp2
4646,INLKAIAAMAKKLL,1,mlacp2
4647,DSMGAVKLAKLLIDKMKCEVTKAC,1,mlacp2
4652,NNRACFRTSKGNPAECPYLG,1,mlacp2
4653,FLSLALAALPKFLCLVFKKC,1,mlacp2
4655,LLPLHHECEEELKKVKKELKKDIENKDSPDKACKDVDLC,1,mlacp2
4656,QWGRRCCGWGPGRRYCRRWC,1,mlacp2
4658,GKYTWYGYSLRANWMR,1,mlacp2
4661,EALVSQLTR,1,mlacp2
4663,FLPILINLIHKGLL,1,mlacp2
4664,GRFKRFRKKLKRLWHKVGPFVGPILHY,1,mlacp2
4665,CRNCNGRCEG,1,mlacp2
4666,FLPILAGLAANILPKVFCSITKKC,1,mlacp2
4667,ILPIIGKILSTIFGK,1,mlacp2
4668,IVPFLLGMVPKLVCLITKKC,1,mlacp2
4669,PLRIAQH,1,mlacp2
4670,CVPCNGRCHE,1,mlacp2
4671,GFLDIINKLGKTFAGHMLDKIKCTIGTCPPSP,1,mlacp2
4672,FFGSVLKVAAKVLPAALCQIFKKC,1,mlacp2
4673,NGGTSGLFAFPRV,1,mlacp2
4674,LTVSPWYGCGMPFSTGKRIMLGE,1,mlacp2
4675,GFWSSVWDGAKNVGTAIIKNAKVCVYAVCVSHK,1,mlacp2
4678,CRVSRQNKC,1,mlacp2
4679,TDCTPSRCT,1,mlacp2
4681,KRKCPKTPFDNTPGAWFAHLILGC,1,mlacp2
4682,CAKIDPELC,1,mlacp2
4683,WLRRIKAWLRRIKA,1,mlacp2
4684,FGLPMLSILPKALCILLKRKC,1,mlacp2
4685,LKVAEHDIWEAIDQEIPEDKTCKEAKLC,1,mlacp2
4686,CKGAKAR,1,mlacp2
4687,DEDIFICHACPNLESL,1,mlacp2
4689,LTVLPW,1,mlacp2
4691,PAPFWGG,1,mlacp2
4692,VRTLKSFSTLANNFVLIVSQLQPSQENEMFSIRDSAHRRFLLFRRAFKQL,1,mlacp2
4693,DAATATRGRSAASRPTERPRAPARSASRPRRVD,1,mlacp2
4694,KMGPKVW,1,mlacp2
4695,CASNNGRVVL,1,mlacp2
4696,HTLLTPRR,1,mlacp2
4697,VECYGPNRPQF,1,mlacp2
4699,NISRCTHPFMACGKQS,1,mlacp2
4700,FLPLLASLFSRLL,1,mlacp2
4701,KHMHWHPPALN,1,mlacp2
4702,WQEPAYQRFL,1,mlacp2
4703,FILPLIASFLSKFL,1,mlacp2
4704,LSMFTRP,1,mlacp2
4706,VYAQCGVNVRTGRGGCSRLM,1,mlacp2
4707,FISAIASFLGKFL,1,mlacp2
4709,TPMNHHSQHAER,1,mlacp2
4710,PHWLFFGVSVLC,1,mlacp2
4712,RQIKIWFQNRRMKWKKMGQVGRQLAIIGDDINRRY,1,mlacp2
4713,AEGEFIHNRYNRFFYWYGDPAK,1,mlacp2
4714,ILSSLIKRLLT,1,mlacp2
4715,GLMDTVKNVAKNLAGHMLDKLKCKITGC,1,mlacp2
4717,CSCRTSSCRFGERLSGACRLNGRIYRLCC,1,mlacp2
4718,RGLRRLGRKIAHGVKKYGPTVLRIIRIA,1,mlacp2
4719,GAWKNFWSSLRKGFYDGEAGRAIRR,1,mlacp2
4721,CYSYFLAC,1,mlacp2
4723,AEGEFPRWGDSHWLQYWYEGDPAK,1,mlacp2
4725,CYLVNVDC,1,mlacp2
4727,LYPYYPS,1,mlacp2
4729,FPSSLIIPPLPN,1,mlacp2
4730,CTECNGRCQ,1,mlacp2
4733,PKMTLQRSNIRPSMP,1,mlacp2
4734,CRLGIAC,1,mlacp2
4735,GFGCPWNRYQCHSHCRSIGRLGGYCAGSLRLTCTCYRS,1,mlacp2
4736,TCGTCCTGAGGAGAGAGAGC,1,mlacp2
4737,CRGDKHADC,1,mlacp2
4738,APCCSHLDASPFQRP,1,mlacp2
4739,CEQCNGRCGQ,1,mlacp2
4740,IMYDCCSGSCSGYTGRC,1,mlacp2
4741,CKDDEDCQVFEKCC,1,mlacp2
4742,TFKRKNGSRKNGHRPGGYSLIALGNKKVLKAPYMESI,1,mlacp2
4743,WPTYLNPSSLKA,1,mlacp2
4744,GIINTLQKYYCRVRGGRCAVLSCLPKEEQIGKCSTRGRKCCRRKK,1,mlacp2
4745,AVPDVAFNAYG,1,mlacp2
4746,GFMKYIGPLIPHAVKAISDLI,1,mlacp2
4747,RLLRLLRLRRLLRL,1,mlacp2
4750,RRSRRGRGGGRRGGSGGRGGRGGGGRSGAGSSIAGVGSRGGGGGRHYA,1,mlacp2
4751,PWIPLTPL,1,mlacp2
4752,KWCRKWQWRGVKFIKCV,1,mlacp2
4753,HIGAFVANHGIPFVND,1,mlacp2
4754,GIKIAKKAITIAKKIAKIYW,1,mlacp2
4755,WSCADRTCM,1,mlacp2
4757,FLSIIAKVLGSLF,1,mlacp2
4759,MIHTNHWWAQD,1,mlacp2
4760,MNSVQFKNHHHHHHPD,1,mlacp2
4762,CRTTRGTKC,1,mlacp2
4763,CSGRGDSLC,1,mlacp2
4764,DFGCGQGMIFMCQRRCMRLYPGSTGFCRGFRCMCDTHIPLRPPFMVG,1,mlacp2
4765,FLSSIGKILGNLL,1,mlacp2
4766,GGVKRFKKFFRKLKKSV,1,mlacp2
4767,ILGPVLGLVSDTLDDVLGIL,1,mlacp2
4768,SGWCYRC,1,mlacp2
4769,FIGPIISALASLFG,1,mlacp2
4770,FLPKTLRKFFCRIRGGRCAVLNCLGKEEQIGRCSNSGRKCCRKKK,1,mlacp2
4771,SQRQTLD,1,mlacp2
4772,NRLKCRAQATHSAAPCIRGY,1,mlacp2
4773,SAVGRHGRRFGLRKHRKH,1,mlacp2
4774,LGFWGLPH,1,mlacp2
4775,LWAEMTG,1,mlacp2
4777,CQSCNGRCVR,1,mlacp2
4778,HVDKKVADKVLLLKQLRIMRLLTRL,1,mlacp2
4780,QFQSQPM,1,mlacp2
4782,ANTAFVSSAHNTQKIPAGAPFNRNLRAMLADLRQNAAFAG,1,mlacp2
4784,SLLSLFRKLIT,1,mlacp2
4785,DPQTDCQQCQRRCRQQESGPRQQQYCQRRCKEICEEEEEYN,1,mlacp2
4787,FLRFIGSVIHGIGHLVHHIGVAL,1,mlacp2
4788,HSDGIFTDSYSRYRKQMAVKKYLAAVLGRRYRQRFRNK,1,mlacp2
4790,HIGSLYKPRRNDNSLDNFEEE,1,mlacp2
4791,SGRGKSSGKKTVS,1,mlacp2
4792,CRGDKTTNC,1,mlacp2
4793,AGECVQGRCPSGMCCSQFGYCGRGPKYCGR,1,mlacp2
4795,RFRGLISLSQVYLSP,1,mlacp2
4796,CRCCNGRCSP,1,mlacp2
4797,FKKLKKLFSKLWNWKRKKRRQRRR,1,mlacp2
4798,KKPSKKPKPQAMTFPKVTVEYFPASFSTAALTVPED,1,mlacp2
4800,CNKTDGDEGVTC,1,mlacp2
4803,GRRINRLILPRN,1,mlacp2
4804,MVIAAKE,1,mlacp2
4806,FFPLVLGALGSILPKIF,1,mlacp2
4807,RLCSLYGCV,1,mlacp2
4808,DSHEKRHHGYRRKFHEKHHSHREFPFYGDYGSNYLYDN,1,mlacp2
4809,CRGDSAC,1,mlacp2
4810,NLYYASW,1,mlacp2
4811,TQQAFQKFLAAVTSALGKQYH,1,mlacp2
4812,AREASKSLIGTASCTCRRAWICRWGERHSGKCIDQKGSTYRLCCRR,1,mlacp2
4813,GFSPNLPGKGLRIS,1,mlacp2
4814,CNNVGSYC,1,mlacp2
4815,FRGLAKLLKIGLKSFARVLKKVLPKAAKAGKALAKSMADENAIRQQNQ,1,mlacp2
4816,CYDSWHYWC,1,mlacp2
4817,SSTPLGFLSQDHS,1,mlacp2
4818,QLPICGETCVLGGCYTPNCRCQYPICVR,1,mlacp2
4819,ATCDLLSPFKVGHAACALHCIAMGRRGGWCDGRAVCNCRR,1,mlacp2
4820,QHWSYKCIRP,1,mlacp2
4821,CLAGRLDKQCTCRRSQPSRRSGHEVGRPSPHCGPSRQCGCHMD,1,mlacp2
4822,ANTPCGPYTHDCPVKR,1,mlacp2
4823,FRRFFKWPRRPFKFF,1,mlacp2
4824,EDCTSRFCS,1,mlacp2
4825,FLPLFASLIGKLL,1,mlacp2
4826,VPEQRPM,1,mlacp2
4827,FFGSVLKLIPKIL,1,mlacp2
4828,ADPRNPLEECFRETD,1,mlacp2
4830,KKFFRAWWAPRFLK,1,mlacp2
4831,CKQSCSFGPFTFVCDGNTK,1,mlacp2
4832,FLGSIVGALASALPSLISKIRN,1,mlacp2
4833,SMEPALPDWWWKMFK,1,mlacp2
4834,FLPIVGKLLSGLSGLL,1,mlacp2
4835,ICLRLPGC,1,mlacp2
4836,GVTDSSTSNLDMPHW,1,mlacp2
4838,SLLPLIRKLIT,1,mlacp2
4839,AGFQHHPSFYRF,1,mlacp2
4840,GRENYHGCTTHWGFTLC,1,mlacp2
4842,QRSVSNAATRVCRTGRSRWRDVCRNFMRR,1,mlacp2
4843,DIQIPGIKKPTHRDIIIPNWNPNVRTQPWQRFGGNKS,1,mlacp2
4846,SPGPMKLLKTPL,1,mlacp2
4847,PQPFPFIF,1,mlacp2
4848,GMMYRS,1,mlacp2
4849,PKWLLFS,1,mlacp2
4850,CKSCNGRCLA,1,mlacp2
4851,PAWRHAFHWAWHMLHKAA,1,mlacp2
4853,AVMGLAA,1,mlacp2
4854,SMSIASPYIPWS,1,mlacp2
4856,KRCSSSLCA,1,mlacp2
4857,FKSWSFCTPGCAKTGSFNSYCC,1,mlacp2
4858,LLGPVLGLVSNALGGLLKNI,1,mlacp2
4859,DLRFLYPRGKLPVPTLPPFNPKPIYIDMGNRY,1,mlacp2
4861,AIKLVQSPNGNFAASFVLDGTKWIFKSKYYDSSKGYWVGIYEVWDRK,1,mlacp2
4862,LFAQLGP,1,mlacp2
4863,MAAMGLW,1,mlacp2
4864,SLVSFLG,1,mlacp2
4865,CEGSCVFIPCISAIIGCSCSNKVCYKNGSIP,1,mlacp2
4866,ATCKAECPTWDSVCINKKPCVACCKKAKFSDGHCSKILRRCLCTKEC,1,mlacp2
4867,NPRWFWD,1,mlacp2
4868,CTGAAGGTGCTGTCCCAGAT,1,mlacp2
4869,LTVSLWT,1,mlacp2
4870,CKAAKNK,1,mlacp2
4871,DCLSGKYKGPCAVWDNEMCRRICKEEGHISGHCSPSLKCWCEGC,1,mlacp2
4872,SVSVGMKPSPRP,1,mlacp2
4875,FLSLIPHIVSGVAALANHL,1,mlacp2
4876,DFASCHTNGGICLPNRCPGHMIQIGICFRPRVKCCRSW,1,mlacp2
4877,CGRGDMPSC,1,mlacp2
4878,GICKDDWCQ,1,mlacp2
4881,MFCRMRSCD,1,mlacp2
4882,GRRTRSRRLRRS,1,mlacp2
4884,FYPRPYRPPYLPDPRPFPRPLPAFGHEFRRH,1,mlacp2
4885,TVGMTAKF,1,mlacp2
4886,YRHWPIDYPPP,1,mlacp2
4887,CGESCVYIPCTVTALLGCSCKDKVCYKNSLAVN,1,mlacp2
4890,GPLPLR,1,mlacp2
4891,SVLTPSLSSLGESLESGIS,1,mlacp2
4892,ASVVNKLTGGVAGLLK,1,mlacp2
4893,ILSLRWWRKWWKK,1,mlacp2
4894,GNPANPLNLKKHHGVFCDVCKALVEGGEKVGDDDLDAWLDVNIGTLCWTM,1,mlacp2
4896,INLKILARLAKKIL,1,mlacp2
4897,SGFAP,1,mlacp2
4898,RKKRRQRRRGGNVYTEIKCNSLLPLAAIVRV,1,mlacp2
4899,FFGHLFKLATKIIPSLFQ,1,mlacp2
4900,AAKPMGITCDLLSLWKVGHAACAAHCLVLGDVGGYCTKEGLCVCKE,1,mlacp2
4903,CAQLLQVSC,1,mlacp2
4904,ASSLHTI,1,mlacp2
4905,APSDLSGFY,1,mlacp2
4906,FFPGIIKVASAILPTAICAITKRC,1,mlacp2
4907,EAPAKEKL,1,mlacp2
4909,PPVYGPE,1,mlacp2
4910,FLSAITSLLGKLL,1,mlacp2
4911,FAEPLPSEEEGESYSKEPPEMEKRYGGFM,1,mlacp2
4914,FFPIVAGVAGQVLKKIYCTISKKC,1,mlacp2
4915,PFKLSKH,1,mlacp2
4916,SLQPGAPKLPYAWSRKQEGWKFDPSLTRGEDGNTLGSINIHHTGRNHEVG,1,mlacp2
4917,CVNHPAFAC,1,mlacp2
4918,IMYPGWL,1,mlacp2
4919,CVLNGRMEC,1,mlacp2
4920,DTLRLRI,1,mlacp2
4921,RRIRIIIRIRR,1,mlacp2
4923,SGQLRALAGSRNCFFSPVNCIITHDINSY,1,mlacp2
4924,GPSRVGG,1,mlacp2
4925,PRCESQLCP,1,mlacp2
4928,ANPRYPYT,1,mlacp2
4930,ESEFDRQEYEECKRQCMQLETSGQMRRCVSQCDKRFEEDIDWSKYDNQD,1,mlacp2
4931,CAMVSMED,1,mlacp2
4932,WTHHHSYPRPL,1,mlacp2
4933,AARPPLGCKAAFC,1,mlacp2
4935,CLDGGRPKC,1,mlacp2
4936,EYPFIPP,1,mlacp2
4938,AEVAPAPAAAAPAKAPKKKAAAKPKKAGPS,1,mlacp2
4941,NRFTARFRRTPWRLCLQFRQ,1,mlacp2
4944,HKCAKIKWRGVHVKYCA,1,mlacp2
4945,GRQGCYEHLWRLIAWCAIFL,1,mlacp2
4946,KNDQIHQAEFHHQQIKEHEEAIQRHKDFLNNLHK,1,mlacp2
4947,PQRHVNY,1,mlacp2
4948,GFFGKMKEYFKKFGASFKRRFANLKKRL,1,mlacp2
4950,FIGTLIPLALGALTKLFK,1,mlacp2
4951,GVWGIAKIAGKVLGNILPHVFSSNQS,1,mlacp2
4952,RFFRRFRRFFR,1,mlacp2
4953,GFFKKAWRKVKHAGRRVLDTAKGVGRHYVNNWLNRYR,1,mlacp2
4954,DTCRALRCN,1,mlacp2
4955,VASKVWSKVFYF,1,mlacp2
4957,VPNTNSLPAAVN,1,mlacp2
4960,KWCVIWSKEGCLF,1,mlacp2
4961,VHLTDAEKAAVN,1,mlacp2
4963,GLPVKWS,1,mlacp2
4964,GNFRYLAPP,1,mlacp2
4965,ESVFSKIGNAVGPAAYWILKGLGNMSDVNQADRINRKKH,1,mlacp2
4967,FLGALFKVASKLVPAAICSISKKC,1,mlacp2
4968,TLILRLSSKLI,1,mlacp2
4969,PHSPTSL,1,mlacp2
4970,TCTLGTCYTAGCSCSWPVCTRNGVPICGE,1,mlacp2
4971,GFGCPFNQGQCHKHCQSIRRRGGYCDGFLKTRCVCYR,1,mlacp2
4972,ISCAVDAC,1,mlacp2
4974,IELLQARGGCPEM,1,mlacp2
4975,GALRGCWTKSYPPKPCK,1,mlacp2
4976,FNRGGYNFGKSVRHVVDAIGSVAGILKSIR,1,mlacp2
4977,GFFSTVKNLATNVAGTVIDTLKCKVTGGCRS,1,mlacp2
4978,CPRGCLAVCVSQC,1,mlacp2
4980,DSNAES,1,mlacp2
4981,PMTAIVGY,1,mlacp2
4982,KEFKRIVKRIKKFLRKLV,1,mlacp2
4983,GRCVDGGCT,1,mlacp2
4984,AEGEFLMWGGSHWLEYWYEGDPAK,1,mlacp2
4986,SSWCMRGQYNKICMW,1,mlacp2
4987,QCTGRF,1,mlacp2
4989,CPEHRSLVC,1,mlacp2
4990,ATCDLFSFRSKWVTPNHAACAAHCLLRGNRGGRCKGTICHCRK,1,mlacp2
4992,SYFVDDTNPQVLQ,1,mlacp2
4993,GLFDIWKKWRWRR,1,mlacp2
4994,CTPSPFSHC,1,mlacp2
4995,CCTAAGCCCTTGTGGTGTGT,1,mlacp2
4997,TRGRWGRFKRRAGRFIRRNRWQIISTGLKLIG,1,mlacp2
4998,FLSLIPHAINAVSALANHG,1,mlacp2
4999,IASVRWA,1,mlacp2
5000,NVVRQ,1,mlacp2
5002,EKKCPGRCTLKCGKHERPTLPYNCGKYICCVPVKVK,1,mlacp2
5003,EGCNILCLLKRKVKAVKNVVKNVVKSVVG,1,mlacp2
5004,GSGILILIKRK,1,mlacp2
5006,GTGSCGYGKLHTGYWCSYFP,1,mlacp2
5007,AQSTAFQKPLLM,1,mlacp2
5009,IAAHDTPGPVWLS,1,mlacp2
5010,WYQLIRTFGNLIHQKYRKLLEAYRKLRD,1,mlacp2
5011,KRKSGSGSKRK,1,mlacp2
5012,VFCNSFGGCTNI,1,mlacp2
5013,SIDSTTF,1,mlacp2
5014,FLKGIVGKLGKLF,1,mlacp2
5015,ICCAITDSCC,1,mlacp2
5016,QGVCCGYKL,1,mlacp2
5017,FLPLVGKILSGLI,1,mlacp2
5018,TDLGAM,1,mlacp2
5019,CTAMRNTDC,1,mlacp2
5021,LPNFCMDTSGRAGPLCMGSE,1,mlacp2
5022,FLPAIFRMAAKVVPTIICSITKKC,1,mlacp2
5023,DVGTTE,1,mlacp2
5025,CYSAAKYPGFQEFINRKYKSSRF,1,mlacp2
5026,FLPFLKSILGKIL,1,mlacp2
5027,DSSLRLP,1,mlacp2
5029,CPGPEGAGC,1,mlacp2
5030,CGSLVRC,1,mlacp2
5031,ALWKTLLKKVLKAAAKAALNAVLVGANA,1,mlacp2
5032,ELPKLPDDKVLIRSRSNCPKGKVWNGFDCKSPFAFS,1,mlacp2
5033,MSRTMS,1,mlacp2
5035,VHMNCSWMRVSEGHPCESAD,1,mlacp2
5036,KLWCAMS,1,mlacp2
5039,VLLVTLTRLHQRGVIYRKWRHFSGRKYR,1,mlacp2
5040,FLPFLASLLSKVL,1,mlacp2
5041,VECYLIRDNLCIY,1,mlacp2
5042,NERSEIPTLEQ,1,mlacp2
5044,RRWCFRVCYRGFCYRKCR,1,mlacp2
5045,WMMPNHIREKRQSHLSMCSVCCNCCKNYKGCGFCCRF,1,mlacp2
5047,HGRFILPWWYAFSPS,1,mlacp2
5048,RWKIFKKIPKFLHSAKKF,1,mlacp2
5051,ADDINPKEECFFEDDYYEFE,1,mlacp2
5053,KRIGLIRLIGKILRGLRRLG,1,mlacp2
5054,FIGSALKVLAGVLPSIVSWVKQ,1,mlacp2
5055,FLGSLIGAAIPAIKQLLGLKK,1,mlacp2
5057,DDTDAAAGEILEFLCPFFCIGGIGDEYCDCQE,1,mlacp2
5058,PAWHHAFHWAWRMLKKAA,1,mlacp2
5059,AGSPDYYLKSRADP,1,mlacp2
5060,GRKKRRQRRRGALWKSLLKNVGKA,1,mlacp2
5061,HHTRFVS,1,mlacp2
5062,GPSANSFTYGRCADDRC,1,mlacp2
5063,GCIPYGKTCEFWSGPWCCAGKCKLNVWSMTLSCTRNF,1,mlacp2
5064,FPKPEGSQDKSLHN,1,mlacp2
5068,LGTDVRQ,1,mlacp2
5069,GYNYAKKLANLAKKFANALW,1,mlacp2
5070,CGTRCVRCQNGPEASCEQPL,1,mlacp2
5071,KSCCPTTTARNIYNTCRFGGGSRPICAKLSGCKIISGTKCDSNGWDH,1,mlacp2
5073,SVTPIVCGETCFGGTCNTPGCSCSWPICTK,1,mlacp2
5074,HSFLHPWDLFDY,1,mlacp2
5076,GFKLKGMARISCLPNGQWSNFPPKCIRECAMVSS,1,mlacp2
5077,RRSRFGRFFKKVRKQLGRVLRHSRITVGGRMRF,1,mlacp2
5078,KWKVFKKIEKKWKVFKKIEKAGPKWKVFKKIEK,1,mlacp2
5079,FVLPLVMCKILRKC,1,mlacp2
5080,TSCDPSLCE,1,mlacp2
5081,GFCRCLCRRGVCRCICTR,1,mlacp2
5082,SDDNLIEEEDRVDTYPF,1,mlacp2
5084,GSWYAWSPLVPSAQI,1,mlacp2
5086,HARIKPTFRRLKWKYKGKFW,1,mlacp2
5089,AKIPIKAIKTVGKAVGKGLRAINIASTANDVFNFLKPKKRKA,1,mlacp2
5090,FYPFG,1,mlacp2
5091,FLSAIASMLGKFL,1,mlacp2
5092,CSDSWHYWC,1,mlacp2
5093,EGGGPQWAVGHFM,1,mlacp2
5094,NFDEIDRSS,1,mlacp2
5095,KKLIKVWAKGFKKAKKLFKGIG,1,mlacp2
5096,PGVIPWN,1,mlacp2
5097,NTHMTAF,1,mlacp2
5098,FLPVIASVAAKVLPKVFCFITKKC,1,mlacp2
5101,WCCRQFN,1,mlacp2
5102,GFGSKPIDSFGLSWL,1,mlacp2
5107,FLPLLFGAISHLL,1,mlacp2
5108,RWKIFKKIEKMGRNIRDGIVKAGPAIEVLGSAKAIGK,1,mlacp2
5109,LYPLHTYTPLSLPLF,1,mlacp2
5110,GLTSK,1,mlacp2
5111,CANSCSYGPLTWSCDGNTK,1,mlacp2
5112,LALERRSGWLRLFGLKPRRKH,1,mlacp2
5113,GLPICGETCVGGSCNTPGCSCSWPVCTRN,1,mlacp2
5114,CHTNGGYCVRAICPPSARRPGSCFPEKNPCCKYM,1,mlacp2
5115,PRNICSRRDPTCWTTY,1,mlacp2
5116,ADCSTYCFGMGICQSGCYCGPGHACMPN,1,mlacp2
5119,CPHNLTKLC,1,mlacp2
5121,PHSCNK,1,mlacp2
5122,CREKA,1,mlacp2
5123,SYDILKPNPQRL,1,mlacp2
5124,FLPLAVSLAANFLPKLFCKITKKC,1,mlacp2
5126,RTRYED,1,mlacp2
5128,RDVCRNFMRRYQSRVIQGLV,1,mlacp2
5130,FLPFLAKILTGVL,1,mlacp2
5131,CWSGVDC,1,mlacp2
5132,CRGDKGPEC,1,mlacp2
5133,KRASCQNPLFSNFFVCGLSE,1,mlacp2
5135,QSSFHSWG,1,mlacp2
5136,FGCVMASCR,1,mlacp2
5137,CWLCNGRCGR,1,mlacp2
5139,YAIDTILLEIKNINAD,1,mlacp2
5140,AQSNFVTWGYNVAV,1,mlacp2
5141,FITLLLRKFICSITKKC,1,mlacp2
5143,RRPKGRGKRRREKQRPSDKPRR,1,satpdb_1
5144,KKLALLALKKWLLALKKLALLALKK,1,satpdb_1
5145,YAKLLAKLAKKAL,1,satpdb_1
5146,VNWKKIILGKIIKVVK,1,satpdb_1
5147,SVSRAGSPSGGPFC,1,satpdb_1
5148,GLFDIVKKIAGHIAGSI,1,satpdb_1
5149,FVDLKKIANIINSIFGK,1,satpdb_1
5150,DCYCRIPACIAGERRYGTCIYQGRLWAFCC,1,satpdb_1
5151,FLPVIAGVAANFLPKLFCAISKKC,1,satpdb_1
5152,MNFQQRLQSLWTLARPFCPPLLATASQMQMVVLPCLGFTLLLWSQVSG,1,satpdb_1
5153,RREKQRPCDKPRR,1,satpdb_1
5154,GFIFHIIKGLFHAGKMIHGLV,1,satpdb_1
5155,PLLQATLGGGS,1,satpdb_1
5156,DRSTREPIYMSTI,1,satpdb_1
5157,FAKLLFKALKKAL,1,satpdb_1
5158,FALALKALKKLAKKLKKLAKKAL,1,satpdb_1
5159,GLFKVIKKVAKVIKKL,1,satpdb_1
5160,FALALKALKKA,1,satpdb_1
5161,TGASSEEEDPF,1,satpdb_1
5162,KSCCPSTTGRNIYNTCRLTGSSRETCAKLSGCKIISASTCPSNYPK,1,satpdb_1
5163,MEPECNLNCTD,1,satpdb_1
5164,KWKLFKKKTKLFKKFAKKLAKKL,1,satpdb_1
5165,GHRATSDLASTGEESQD,1,satpdb_1
5166,KSCCPSTTARNIYNTCRLTGASRSVCASLSGCKIISGSTCDSGWNH,1,satpdb_1
5167,FALA,1,satpdb_1
5168,PAWRKAFRWAARMLKKAA,1,satpdb_1
5169,LGQSAASAHHAYIVLAIENSFMTASKKK,1,satpdb_1
5170,ECLWMDWVTEKNINGHQAKFFACI,1,satpdb_1
5171,VNWKKVLGKVVKVVK,1,satpdb_1
5172,IVRRADRAAVP,1,satpdb_1
5173,GLVGTLLGHIGKAILG,1,satpdb_1
5174,PAWFKARRWAWRMLKKAA,1,satpdb_1
5175,KSCCRNTWARNCYNVCRLPGTISREICAKKCDCKIISGT,1,satpdb_1
5176,AKKVFKRLEKSFSKIQNDK,1,satpdb_1
5177,KWKKLLKKPLLKKLLKKL,1,satpdb_1
5178,VAKLLAKLAKKVL,1,satpdb_1
5179,MWKWFHNVLSWWWLLADKRPARDYNRK,1,satpdb_1
5180,KLALKLALKALKAAKLA,1,satpdb_1
5181,LHCPALVTYNTDTFESMPNPEGRYTFGASCV,1,satpdb_1
5182,GIGTKILGGVKTALKGALKELASTYAN,1,satpdb_1
5183,GLFAVIKKVAAVIRRL,1,satpdb_1
5184,SSTSPHRPRFS,1,satpdb_1
5185,EKYEGKISKTMSGLDCQAWDS,1,satpdb_1
5186,GIIKKIIKKI,1,satpdb_1
5187,GPWGDCSRTCGGGVQFSSR,1,satpdb_1
5188,CTTHWGFTLC,1,satpdb_1
5189,FALLKALKKAL,1,satpdb_1
5190,KLAKKLAKLAKLAKAL,1,satpdb_1
5191,AWKLFDDGV,1,satpdb_1
5192,HHPHGHHPHGHHPHG,1,satpdb_1
5193,FAKKLAKKLKKLAKKLAK,1,satpdb_1
5194,EKSSRPEFYKVILGAHEEYIRG,1,satpdb_1
5195,KIFGSLAFL,1,satpdb_1
5196,KIAKVALAKLGIGAVLKVLTTGL,1,satpdb_1
5197,FAFGKGIGKIGKKGL,1,satpdb_1
5198,KAAKKAWKAWKKAAKAAWKKAA,1,satpdb_1
5199,GLPTCGETCTLGTCYVPDCSCSWPICMKN,1,satpdb_1
5200,FALALKKALKALKKAL,1,satpdb_1
5201,KWKLAKKALALL,1,satpdb_1
5202,GETDPNTQLLNDLGNNMAWGAALGAPGGLGSAALGAAGGALQTVGQ,1,satpdb_1
5203,FFRLLFHGVHHVGKIKPRA,1,satpdb_1
5204,FSAR,1,satpdb_1
5205,TRSSRAGLQWPVGRVHRLLRKGGC,1,satpdb_1
5206,ERRP,1,satpdb_1
5207,FAGLAANFLPTIICKISYKC,1,satpdb_1
5208,QMIVIELGTNPLK,1,satpdb_1
5209,FLPAIVGAAAKFLPKIFCAISKKC,1,satpdb_1
5210,KWKLF,1,satpdb_1
5211,SKRKSRPVSVKTFEDIPLEEP,1,satpdb_1
5212,FLFSLIPSVIAGLVSAIRN,1,satpdb_1
5213,RRREKQRPCDKPRR,1,satpdb_1
5214,GLWSKIKEVGKEAAKAAAKAAGKAALGAVSEAV,1,satpdb_1
5215,YPYDVPDYASL,1,satpdb_1
5216,HGLGHGHEQQHGLGHGHKFKLDDDLEHQGGHVLD,1,satpdb_1
5217,GKWKKILGHLIR,1,satpdb_1
5218,FALALKA,1,satpdb_1
5219,FAKLLAKLAKAKG,1,satpdb_1
5220,DDALRRLLRRLLRRL,1,satpdb_1
5221,LW,1,satpdb_1
5222,RAGLQFPVGRLLRRLLRRLLR,1,satpdb_1
5223,FFRLLFHGVHHGGGYLNAA,1,satpdb_1
5224,GLFDIIKKIAESI,1,satpdb_1
5225,KSCCKNTTGRNIYNTCRFAGGSRERCAKLSGCKIISASTCPSDYPK,1,satpdb_1
5226,FVQWFSKFLGRIL,1,satpdb_1
5227,KAQIRAMECNILGRKKRRQRRR,1,satpdb_1
5228,GEKLKKIGQKIKKFFQKL,1,satpdb_1
5229,ACSAG,1,satpdb_1
5230,GDVIDTDRDIDR,1,satpdb_1
5231,GPWGPCSGSCGPGRRLRRR,1,satpdb_1
5232,KSCCPNTTGRNIYNTCRFGGGSRQVCASLSGCKIISASTCPSDYPK,1,satpdb_1
5233,TMPFLFCNVNDCNFASRNDYSYWL,1,satpdb_1
5234,KPLLKKLLKKL,1,satpdb_1
5235,ILGPVISTIGGVLGGLLKNL,1,satpdb_1
5236,KAAKKWAKAAKKAAKAWKKAA,1,satpdb_1
5237,GEFLKCGESCVQGECYTPGCSCDWPICKKN,1,satpdb_1
5238,FAKLLAKLAKAKA,1,satpdb_1
5239,GGLRSLGRKILRAWKKYGPIIVPIIRIG,1,satpdb_1
5240,NKWKKILGKIIKVVK,1,satpdb_1
5241,RGDLLRHVVKILSKYL,1,satpdb_1
5242,KITRCPMIPC,1,satpdb_1
5243,GLPVCGETCVGGTCNTPGCGCSWPVCTRN,1,satpdb_1
5244,GFWGKLFKLGLHGIGLLHLHL,1,satpdb_1
5245,FAKIIAKIAKIAKKIL,1,satpdb_1
5246,KWKLFKKALKKLKKALKKAL,1,satpdb_1
5247,ESLARPCAPGAPAEARL,1,satpdb_1
5248,GLFVGLAKVAAHNNPAIAEHFQA,1,satpdb_1
5249,RGGRLCYCRRRFCVCVGR,1,satpdb_1
5250,CKITRCPMIPCYISSPDECLWMDWVTEKNINGHQAKFFAC,1,satpdb_1
5251,ETWRTEAPSATGQASSLLGGRLLGQ,1,satpdb_1
5252,RIFGESVSLRVQDWEW,1,satpdb_1
5253,TLPFAYCNIHQVCHYAQRNDRSYWL,1,satpdb_1
5254,VAKKFAKKFKKFAKKFAKFAFAF,1,satpdb_1
5255,GWGSFFKKAAHVGKHVGKAALTHYL,1,satpdb_1
5256,ARPAKAAATQKKVERKAPDA,1,satpdb_1
5257,KAFDITYVRLKF,1,satpdb_1
5258,GIPCAESCVWIPCTVTALIGCGCSNKVCYN,1,satpdb_1
5259,FAFAKIIAKIAKKII,1,satpdb_1
5260,SAPFIECHGRGTCNYYANS,1,satpdb_1
5261,NFGYDLYRVRSSTSPTTN,1,satpdb_1
5262,NHFTLKCPKTALTEPPTLAY,1,satpdb_1
5263,ILRWPWWPWRRK,1,satpdb_1
5264,KWKVFKKIEKMGRNIRNGIVKAGPAIAVLGEAKAL,1,satpdb_1
5265,FALLKALLKKAL,1,satpdb_1
5266,GLFDIVKKVVGAFGSL,1,satpdb_1
5267,GLWSKIKEAAKAAGKAALNAVTGLVNQGDQPS,1,satpdb_1
5268,LLRISLLLIQSWLE,1,satpdb_1
5269,KKALAKALKHWLPALHKLAKALAKK,1,satpdb_1
5270,KWKLFKKILKFLHLAKKF,1,satpdb_1
5271,KRLRRVWRRWR,1,satpdb_1
5272,FLGWLFKWAWK,1,satpdb_1
5273,GSIPCGESCVFIPCISSVIGCACKSKVCYKN,1,satpdb_1
5274,GIGKFLKKAKKFGKAFVKILKK,1,satpdb_1
5275,FLKWLFKWAKK,1,satpdb_1
5276,FAKLLAKLAKKVL,1,satpdb_1
5277,CYCRIPACIAGERRYGTCIYQGRLWAFCC,1,satpdb_1
5278,FAKKLAKKLKKLAKLALAK,1,satpdb_1
5279,FAKKLAKKLKKLAKKLAKLALALKALALKAL,1,satpdb_1
5280,GFGMALRLLRRVL,1,satpdb_1
5281,WFKKIPKFLHLAKKF,1,satpdb_1
5282,VF,1,satpdb_1
5283,FLKLLKKLAAKLF,1,satpdb_1
5284,LPKWKVFKKIEKVGRNIRNGIVKAGPAIAVLGEAKALG,1,satpdb_1
5285,KGRGKRRREKQRPSDKPR,1,satpdb_1
5286,NVLLSPLSVATALSALSLGAEQRTES,1,satpdb_1
5287,GMWSKILGHLKR,1,satpdb_1
5288,GLLSVLGSVAKHVLPHVVPVIAEKL,1,satpdb_1
5289,ACYCRIPACIAGERRYGTCIYQGRLWAFCC,1,satpdb_1
5290,CHHNLAHAC,1,satpdb_1
5291,GLFDIIKKVASVIGGL,1,satpdb_1
5292,FVKLKKILNIINSIFKK,1,satpdb_1
5293,GIGKFLHSAKKWGKAFVGQIMNC,1,satpdb_1
5294,PRFWEYWLRLME,1,satpdb_1
5295,ESFSDWWKLLAE,1,satpdb_1
5296,FAKLLAKLAKKLL,1,satpdb_1
5297,QRTESIIHRALYYDLIS,1,satpdb_1
5298,FAKLLAKLAKKEL,1,satpdb_1
5299,ALSKALSKALSKALSKALSKALSK,1,satpdb_1
5300,KGRGKRRRCKQRPSDCPRR,1,satpdb_1
5301,GLMDTIKGVAKTVAASWLDKLKCKITGC,1,satpdb_1
5302,TSWSQCSKTCGTGISTRV,1,satpdb_1
5303,GLPICGETCVGGTCNTPGCSCSWPVCTRN,1,satpdb_1
5304,GLFDIIKKIAESF,1,satpdb_1
5305,FKRLAKIKVLRLAKIKR,1,satpdb_1
5306,SWLSKTAKKLENSAKKRISEGIAIAIQGGPR,1,satpdb_1
5307,PDEDAINDALNKVCSTGRRQRSICKQLLKK,1,satpdb_1
5308,GQVWEATATVNAIRGSVTPAVSQFNARTAD,1,satpdb_1
5309,FAKKLLAKALKL,1,satpdb_1
5310,CHHALTHAC,1,satpdb_1
5311,FAKLAKKLL,1,satpdb_1
5312,RWRWRWRW,1,satpdb_1
5313,SPWSPCSTSCGLGVSTRI,1,satpdb_1
5314,LTFEHYWAQLTS,1,satpdb_1
5315,FAKKLAKLAKKLLAL,1,satpdb_1
5316,LFGMALKLLKKVL,1,satpdb_1
5317,FALALKALKKLLKKLKKLAKKAL,1,satpdb_1
5318,PAWRKAFRWAWRMKKLAA,1,satpdb_1
5319,LLRHVVKILEKYL,1,satpdb_1
5320,SVAGRAQGM,1,satpdb_1
5321,LKKLLKKLLKKL,1,satpdb_1
5322,GLFAVIKKVAKVIKKL,1,satpdb_1
5323,FALALKLKKL,1,satpdb_1
5324,DHYNCVSSGGQCLYSACPIFTKIQGTCYRGKAKCCK,1,satpdb_1
5325,WLRRIGKGVKIIGGAALDHL,1,satpdb_1
5326,KWFKKIPKFLHLAKKF,1,satpdb_1
5327,KWWKKAAKAAKKAAKAAKKWA,1,satpdb_1
5328,DPFFKVPVNKLAAVSNFGYDLYRVRSSMSPTTN,1,satpdb_1
5329,VTCGGGVQKRSRL,1,satpdb_1
5330,AFGMALKLLKKVL,1,satpdb_1
5331,GLLGLLGSVVSHVVPAIVGHF,1,satpdb_1
5332,KKLALLALKKWLPALKKLALLALKK,1,satpdb_1
5333,FALKALKK,1,satpdb_1
5334,MWKWFHNVLSSGQLLADKWWAWWYNWW,1,satpdb_1
5335,IYSFDGRDIMTDPSWPQKVIWHGSSPHGVRLVDNYCEAWRTA,1,satpdb_1
5336,GEKLKKIGQKIKNFFQKL,1,satpdb_1
5337,CELDENNTPMC,1,satpdb_1
5338,FIHHIIGWISHGVRAIHRAIHG,1,satpdb_1
5339,FLPIIAGAAAKVVQKIFCAISKKC,1,satpdb_1
5340,IARALFEKKV,1,satpdb_1
5341,GLFDVIKAVASVIGGL,1,satpdb_1
5342,KLLLKLKLKLLK,1,satpdb_1
5343,FVDLKKIANIINSIFKK,1,satpdb_1
5344,RRPKGRGKRRREKQRPTDCHLCGDAVPRR,1,satpdb_1
5345,GIIKKI,1,satpdb_1
5346,KVKVKVKVPPTKVKVKVK,1,satpdb_1
5347,FALALKAKKL,1,satpdb_1
5348,GIGGKILSGLKTALKGAAKELASTYLH,1,satpdb_1
5349,LKLSPKTKDTLKKVLKGAIKGAIAIASMA,1,satpdb_1
5350,SAWRACSVTCGKGIQKRSR,1,satpdb_1
5351,LVPLPKIKNSTFT,1,satpdb_1
5352,FLPLIGRVLSGIL,1,satpdb_1
5353,AMVGT,1,satpdb_1
5354,ISRLAGLLRKGGEKIGEKLKKIGQKIKNFFQKLVPQPE,1,satpdb_1
5355,KSVRGKGKGQKRKRKKSRYK,1,satpdb_1
5356,FAKKLAKKLKKLAKKLIGAVLKV,1,satpdb_1
5357,GLFGKLIKKFGRKAISYAVKKARGKH,1,satpdb_1
5358,SPWSPCSGNCSTGKQQRTR,1,satpdb_1
5359,FLKDHRISTFKNWPF,1,satpdb_1
5360,GTGLPMSERRKIMLMMR,1,satpdb_1
5361,FAKKLAKKLKKLAKKLAKKWKL,1,satpdb_1
5362,IDWKKLLDAAKQIL,1,satpdb_1
5363,GEKLKKIGKKIKNFFQKL,1,satpdb_1
5364,LRRFSTMPFMFCNINNVCNF,1,satpdb_1
5365,KWKLFKKIGIGKFLHSATTF,1,satpdb_1
5366,GSVIKCGESCLLGKCYTPGCTCSRPICKKD,1,satpdb_1
5367,FRKSKEKIGKEFKRIVQRIKDFLRNLV,1,satpdb_1
5368,KWKLFKKIPFLHLAKKF,1,satpdb_1
5369,RRPKGRGKRRREKQRPCDKPRR,1,satpdb_1
5370,KILRGVAKKIMRTFLRRILTGKK,1,satpdb_1
5371,SPWSQCTASCGGGVQTR,1,satpdb_1
5372,VNWKKILGKIKKVVK,1,satpdb_1
5373,TQWTSCSKTCNSGTQSRHR,1,satpdb_1
5374,GPWEDCSVSCGGGEQLRSR,1,satpdb_1
5375,FAKLLAKALKKFAL,1,satpdb_1
5376,THRPPMWSPVWPGGGKLLLKLLKKLLKLLKKK,1,satpdb_1
5377,RRRRRWCMNW,1,satpdb_1
5378,YSL,1,satpdb_1
5379,KSCCPNTTGRNIYNTCRLTGSSRETCAKLSGCKIISAST,1,satpdb_1
5380,GWKKWFNRAKKVGKTVGGLAVDHYL,1,satpdb_1
5381,FAKGVGKVGKKAL,1,satpdb_1
5382,KNWKKILKKIIKVVK,1,satpdb_1
5383,TRCPMIPCYI,1,satpdb_1
5384,VALALKALKKL,1,satpdb_1
5385,EDMNQKLFDLRGKFKRPPLRRVRMSADAML,1,satpdb_1
5386,HPTWPQKSVWHGSDPNGRRLTESY,1,satpdb_1
5387,VNWKKLLGKLLKVVK,1,satpdb_1
5388,PGMGIYLPM,1,satpdb_1
5389,GSIPCEGSCVFIPCISAIIGCSCSNKVCYKN,1,satpdb_1
5390,FAKKLAKKLKKLAKLALAL,1,satpdb_1
5391,KWKLFKKIPKFLH,1,satpdb_1
5392,DFKLFAVTIKYR,1,satpdb_1
5393,MPTWAWWLFLVLLLALWAPARG,1,satpdb_1
5394,GKWMSLLKHWLK,1,satpdb_1
5395,KWKLFKKIPLHLAKKF,1,satpdb_1
5396,GV,1,satpdb_1
5397,KSSAYSLQMGATAIKQVKKLFKKWGW,1,satpdb_1
5398,VAKALAKALLKALKAL,1,satpdb_1
5399,MTLTG,1,satpdb_1
5400,GLLGLLGSVVSHVLPAITQHL,1,satpdb_1
5401,GLLSVLGSVAQHVLPHVVPVIAEHL,1,satpdb_1
5402,VRRFPWWWPFLRR,1,satpdb_1
5403,KSCCPNTTGRNIYNACRLTGAPRPTCAKLSGCKIISGST,1,satpdb_1
5404,CGETCVGGTCNTPGCTCSWPVCTRNGLNPV,1,satpdb_1
5405,PAWRKAFRKAWRMLKKAA,1,satpdb_1
5406,KWKSFLKTFKSLKKTVLHTALKAISS,1,satpdb_1
5407,FKKLKKIANIINSIFKK,1,satpdb_1
5408,LKKLAKLALAF,1,satpdb_1
5409,GIPCGESCVFIPCLTSAIDCSCKSKVCYRN,1,satpdb_1
5410,ALWKDILKNVGKAAGKAVLNTVTDMVNQ,1,satpdb_1
5411,PAWRKARRWAWRMKKLAA,1,satpdb_1
5412,KAAKKWAKAWKKAAKAWKKAA,1,satpdb_1
5413,FLGALIKGAIHGGRFIHGMIQNHH,1,satpdb_1
5414,FAKKLAKLAKKALAL,1,satpdb_1
5415,KWKLFKKISKFLHLAKKF,1,satpdb_1
5416,VVGSPSAQDEASPL,1,satpdb_1
5417,LPVFSTLPFAYCNIHQVCH,1,satpdb_1
5418,KSCCPNTTGRNIYNTCRFGGGSREVCARISGCKIISASTCPSDYPK,1,satpdb_1
5419,GMWKKILGHLIR,1,satpdb_1
5420,TGALVQQQDP,1,satpdb_1
5421,GKWSKILGHLIR,1,satpdb_1
5422,GFKDLLKGAAKALVKTVLF,1,satpdb_1
5423,KWKLFKKIPKFLHLA,1,satpdb_1
5424,GLFGKLIKKFARKAISYAVKKARGKH,1,satpdb_1
5425,MARRASVGTD,1,satpdb_1
5426,LKLKSIVSWAKKVL,1,satpdb_1
5427,FDIVKKVVGTIAG,1,satpdb_1
5428,TRSSRAGLQFPVGRVHRLLRK,1,satpdb_1
5429,FAKAIAKIAFGKGIGKVGKKLL,1,satpdb_1
5430,GVPICGETCTLGTCYTAGCSCSWPVCTRN,1,satpdb_1
5431,VAKKLAKLAKKLLAL,1,satpdb_1
5432,FAKLLAKFLKKAL,1,satpdb_1
5433,KAAKKAWKAAKKAWKAAKKAA,1,satpdb_1
5434,GPWAPCSASCGGGSQSRS,1,satpdb_1
5435,FALAKLAKKAKAKLKKALKAL,1,satpdb_1
5436,TKWTPCSRTCGMGISNRV,1,satpdb_1
5437,GLFDVIAKVASVIKKL,1,satpdb_1
5438,GIPCGESCVFIPCTVTALLGCSCKDKVCYKN,1,satpdb_1
5439,LLGDFKRIVQRIKDF,1,satpdb_1
5440,KYKKALKKLAKLL,1,satpdb_1
5441,VALALKALKKLAKKLKKLAKKAL,1,satpdb_1
5442,KSCCPNTTGRNIYNTCRFGGGSREVCARISGCKIISAST,1,satpdb_1
5443,GIGAVLKVLTTGLPALISWIKRKRQQ,1,satpdb_1
5444,RRRRRRRRGEDIIRNIARHAAQVGASMDR,1,satpdb_1
5445,FAKLLKLAAKKLL,1,satpdb_1
5446,HHPHGHHPHG,1,satpdb_1
5447,VAKKLAKLAKKLAKLALAL,1,satpdb_1
5448,KWKLFKKIGIGAFLHLAKKF,1,satpdb_1
5449,YKQCHKKGGHCFPKEKICLPPSSDFGKMDCRWRWK,1,satpdb_1
5450,GWRKWIKKATHVGKHIGKAALDAYI,1,satpdb_1
5451,KILRGVAKKILRTFLRRISKDILTGKK,1,satpdb_1
5452,FLPIIAGAAAKVVEKIFCAISKKC,1,satpdb_1
5453,ECRRLCYKQRCVTYCRGR,1,satpdb_1
5454,ITSISLCTPGCKTGALMGCNMKTATCNCSIHVSK,1,satpdb_1
5455,INLEACLKRGRT,1,satpdb_1
5456,GIPCGESCVYIPCTVTALLGCSCKDKVCYKN,1,satpdb_1
5457,SPWSSASVTAGDGVDITRIR,1,satpdb_1
5458,FAKKLAKKAKLAKKL,1,satpdb_1
5459,GKWMSLWKHILK,1,satpdb_1
5460,GLFKVLGSVAKHLLPHVVPVIAEK,1,satpdb_1
5461,ASWSACSVSCGGGARQRTR,1,satpdb_1
5462,GIRKWFKKAAHVGKKVGKVALNAYL,1,satpdb_1
5463,FLGMIPGLIGGLISAFK,1,satpdb_1
5464,FAKIIAKIAKKI,1,satpdb_1
5465,FAKLWAKLAFGKGIGKVGKKLL,1,satpdb_1
5466,HHPHG,1,satpdb_1
5467,GKWMSLLKHILK,1,satpdb_1
5468,DSSPVSTEQLAPTA,1,satpdb_1
5469,AKKVFKRLEKLFSKIQNWK,1,satpdb_1
5470,KWKIFKKIEKVGRNIRNGIIKAGPAVAVLGEAKAL,1,satpdb_1
5471,FKCRRWQWRMKKLGAPSITCVR,1,satpdb_1
5472,VNWKKILGKIIKVVK,1,satpdb_1
5473,FAFGKGIGKVGKKLL,1,satpdb_1
5474,FAKKLAKLAKKLAKAL,1,satpdb_1
5475,KGRGKRRREKQRPSDKPRR,1,satpdb_1
5476,IKIPSFFRNILKKVGKEAVSLIAGALKQS,1,satpdb_1
5477,WFKKIPKFLHLLKKF,1,satpdb_1
5478,KSCCPNTTGRNIYNTCRLGGGSRERCASLSGCKIISASTCPSDYPK,1,satpdb_1
5479,GRGKRRREKQRPCDKPRR,1,satpdb_1
5480,KWKSFLKTFKSLKKTVLHTLLKAISS,1,satpdb_1
5481,GFFALIPKIISSPLFKTLLSAVGSALS,1,satpdb_1
5482,FFGWLIKGAIHAGKAIHGLIHRRRH,1,satpdb_1
5483,GMWSKILGHLIK,1,satpdb_1
5484,CGETCVGGTCNTPGCTCSWPVCTRNGLPV,1,satpdb_1
5485,FLWWLFKWAWK,1,satpdb_1
5486,KAAKKAWKAAKKAAKWWKKAA,1,satpdb_1
5487,KWKLFKKIGIGAVLKVLTTG,1,satpdb_1
5488,LTFSDWWKLLAE,1,satpdb_1
5489,MPRWRLFRRIDRVGKQIKQGILRAGPAIALVGDARAVG,1,satpdb_1
5490,GLFDIIKKVASVVGGL,1,satpdb_1
5491,FLGALFHALSKLL,1,satpdb_1
5492,GIGGVLLSAGKAALKGLAKVLAEKYAN,1,satpdb_1
5493,FAKKLAKKLL,1,satpdb_1
5494,PAWRKAFRAAWRMLKKAA,1,satpdb_1
5495,KSCCPNTTGRNIYNTCRFGGGSRQVCASLSGCKIISAST,1,satpdb_1
5496,KWKLFKKIPKFLHLAKKF,1,satpdb_1
5497,GLFDVIKKVASVIKGL,1,satpdb_1
5498,KKLALHALKKWLHALKKLAHLALKK,1,satpdb_1
5499,GVIPCGESCVFIPCISSVLGCSCKNKVCYRD,1,satpdb_1
5500,PRFWEYWLRLAE,1,satpdb_1
5501,GMWSKILGKLIR,1,satpdb_1
5502,KWKLFKKIGIGAVLKVLKKG,1,satpdb_1
5503,FKLAFKLAKKAFL,1,satpdb_1
5504,GLFDIAKKVIGVIGSL,1,satpdb_1
5505,KKALAHALKKWLPALKKLAHALAKK,1,satpdb_1
5506,FAKLLAKALKKFL,1,satpdb_1
5507,GLFDIVKKVVGALGSL,1,satpdb_1
5508,GLFSVLGAVAKHVLPHVVPVIAEK,1,satpdb_1
5509,VYINKLTPPCGTMYYACEAV,1,satpdb_1
5510,GEKLKKIGQKIKNFFKKL,1,satpdb_1
5511,KWLRRVWRWWR,1,satpdb_1
5512,CHHNLTHAC,1,satpdb_1
5513,SEWSDCSVTCGKGMRTRQR,1,satpdb_1
5514,SSGIENGAFQGMK,1,satpdb_1
5515,WKKIPKFLHLLKKF,1,satpdb_1
5516,SPWSSCSVTCGDGVITRIR,1,satpdb_1
5517,HGVSGHGQHGVHG,1,satpdb_1
5518,FLFSLIPSAIAGLVSAIRN,1,satpdb_1
5519,FAKKLKKLAKLAKKL,1,satpdb_1
5520,GSEGPLKPGARIFSFDGKDVLRHPT,1,satpdb_1
5521,FIFHIIKGLFHAGKMI,1,satpdb_1
5522,RRPKGRGKRAAAKQRPSDKPRR,1,satpdb_1
5523,GKWMKLLKHILK,1,satpdb_1
5524,FAKLLAKKLL,1,satpdb_1
5525,PRFWEYWLRAME,1,satpdb_1
5526,GIGKFLKKAKKFAKAFVKIINN,1,satpdb_1
5527,ANIKLSVQMKLFKRHLKWKIIVKLNDGRELSLDA,1,satpdb_1
5528,DEVD,1,satpdb_1
5529,KWKLFKKIGPGKFLHSAKKF,1,satpdb_1
5530,RWGKWFKKATHVGKHVGKAALTAYL,1,satpdb_1
5531,PDEDAINNALNKVCSTGRRQRSICKQLLKK,1,satpdb_1
5532,SRTVRKTSRLWSSLSLNTCNNVHSKS,1,satpdb_1
5533,FALAKALKKAL,1,satpdb_1
5534,RAGSPSGGPFCALARQPLTGSPPNERAFFCSSRDV,1,satpdb_1
5535,GIGVLLSAGKAALKGLAKVLAEKYAN,1,satpdb_1
5536,PRAWEYWLRLME,1,satpdb_1
5537,GSIPCGESCVFIPCISAIIGCSCSSKVCYKN,1,satpdb_1
5538,GLFKVIKKVASVIGGL,1,satpdb_1
5539,FAVGLRAIKRALKKLRRGVRKVAKDL,1,satpdb_1
5540,DLWIRETLTSPKSLTG,1,satpdb_1
5541,GLPVCGETCVGGTCNTPGCSCSWPVCTRN,1,satpdb_1
5542,DGRELCLDPKENWVQRVVEKFLK,1,satpdb_1
5543,TTITGKKCQSWAAMFPHRHSKT,1,satpdb_1
5544,FAKLFAKAFKKAL,1,satpdb_1
5545,FAKKLAKKLAKLL,1,satpdb_1
5546,AIPCGESCVWIPCISTVIGCSCSNKVCYR,1,satpdb_1
5547,GIIKKIIIKKIIIKKIIIKKI,1,satpdb_1
5548,GLFDIVKKVVGTLAGL,1,satpdb_1
5549,GLKKWFKKAVHVGKKVGKVALNAYL,1,satpdb_1
5550,AKKVFKRLEKLFSKIWNDK,1,satpdb_1
5551,KCGHKHQCAVHN,1,satpdb_1
5552,YTMNPRKLFDY,1,satpdb_1
5553,AIGSILGALAKGLPTLISWIKNR,1,satpdb_1
5554,EVHHQKLVFF,1,satpdb_1
5555,DTAVTGLASPLSTGKILDQKAYSCANRLIVLCIENSFMTDARK,1,satpdb_1
5556,KAAKKAAKAAKKAAKAAKKAA,1,satpdb_1
5557,FAKLAKKALAKLL,1,satpdb_1
5558,GPWERCTAQCGGGIQARRR,1,satpdb_1
5559,GSIPCGESCVFIPCISAVIGCSCSNKVCYKN,1,satpdb_1
5560,INGSLDKRLLPDVET,1,satpdb_1
5561,FAKLLALALKLKL,1,satpdb_1
5562,GPWEPCSVTCSKGTRTRRR,1,satpdb_1
5563,YTYGLCTSSR,1,satpdb_1
5564,CSSRTMHHC,1,satpdb_1
5565,GKWLSLLKHILK,1,satpdb_1
5566,KWKLFKKIGIGKFLHLAKKF,1,satpdb_1
5567,GDACGETCFTGICFTAGCSCNPWPTCTRN,1,satpdb_1
5568,PGLKGKRGDSGSPATWTTRG,1,satpdb_1
5569,GKWMSFLKHILK,1,satpdb_1
5570,FF,1,satpdb_1
5571,ATPFIECSGARGTCHYFAN,1,satpdb_1
5572,QMIVIELGTNPLKSSGIENGAFQGMK,1,satpdb_1
5573,AGWGSIFKHIFKAGKFIHGAIQAHND,1,satpdb_1
5574,SIGAKILGGVKTFFKGALKELASTYLQ,1,satpdb_1
5575,TSLDASIIWAMMQN,1,satpdb_1
5576,KWKLFKKIPKFLHL,1,satpdb_1
5577,NGRKACLNPASPIVKKIIEKMLNS,1,satpdb_1
5578,FAKKLAKLALKLAKL,1,satpdb_1
5579,FAKLLAKLAKKAA,1,satpdb_1
5580,FAKKLAKLAKKLAKLALAL,1,satpdb_1
5581,KSCCPNTTGRNIYNACRLTGAPRPTCAKLSGCKIISGSTCPSDYPK,1,satpdb_1
5582,WKKIPKFLHLAKKF,1,satpdb_1
5583,ALWKNMLKGIGKLAGQAALGAVKTLVGA,1,satpdb_1
5584,QSHLSLCRWCCNCCRSNKGC,1,satpdb_1
5585,HNRTPENFPCKNL,1,satpdb_1
5586,CHHNLTAAC,1,satpdb_1
5587,SPWSSASVTAGDGVITRI,1,satpdb_1
5588,MLQNSAVLLLLVISASA,1,satpdb_1
5589,LRVRLASHLRKLRKRLLRDADDLQKRLAVY,1,satpdb_1
5590,VNFKKLLGKLLKVVK,1,satpdb_1
5591,ILPWKWPWWPWRR,1,satpdb_1
5592,GDGVDITRIR,1,satpdb_1
5593,TEENRELVSELKRP,1,satpdb_1
5594,GWGSIFKHGRHAAKHIGHAAVNHYL,1,satpdb_1
5595,FAKKLAKKLAKLAL,1,satpdb_1
5596,PPPEE,1,satpdb_1
5597,GIKCRFCCGCCTPGICGVCCRF,1,satpdb_1
5598,LSSTCILVLVKDILVLVVKEILVLVVKDKPI,1,satpdb_1
5599,YRWYGYTPQNVIGGGKLLLKLLKKLLKLLKKK,1,satpdb_1
5600,FLKLLAGLLKNFA,1,satpdb_1
5601,KGRGKRRRECQRPSCKPRR,1,satpdb_1
5602,GLLPCAESCVYIPCLTTVIGCSCKSKVCYKN,1,satpdb_1
5603,DDDDKRAGSPSGGPFCALARQPLTGSPPNERAFFCSSRDV,1,satpdb_1
5604,LSSTCILVLVKSTY,1,satpdb_1
5605,GLLSVLGSVAKHVLPHVVPVIAEHL,1,satpdb_1
5606,YGRKKRRQRRR,1,satpdb_1
5607,MRKEFHNVLSSGQLLADKRPARDYNRK,1,satpdb_1
5608,GWKKWFTKGERLSQRHFA,1,satpdb_1
5609,GKWMSLLKKILK,1,satpdb_1
5610,TEWSVCNSRCGRGYQKRTR,1,satpdb_1
5611,FLSSRLQDLYSIVRRADRAA,1,satpdb_1
5612,RKGWFKAMKSIAKFIAKEKLKEHL,1,satpdb_1
5613,KSCCPNTTGRNIYNTCRLGGGSRERCASLSGCKIISAST,1,satpdb_1
5614,YPFPG,1,satpdb_1
5615,FAKLFAKLAKKFAL,1,satpdb_1
5616,GIRKWFKKAAHVGKEVGKVALNACL,1,satpdb_1
5617,GVDITVIRPNH,1,satpdb_1
5618,KRFKQDGGWSHWSPWSSC,1,satpdb_1
5619,FALALKLAKKAL,1,satpdb_1
5620,FAKLLAKALKKAL,1,satpdb_1
5621,GF,1,satpdb_1
5622,LTAEHYAAQATS,1,satpdb_1
5623,RFRLPFRRPPIRIHPPPFYPPFRRFL,1,satpdb_1
5624,KITRCPMIPCYISSPDE,1,satpdb_1
5625,GMWKKILGKLIR,1,satpdb_1
5626,LLGMIPLAISAISALSKL,1,satpdb_1
5627,IPCGESCVWIPCITAIAGCSCKNKVCYT,1,satpdb_1
5628,KNECLWTDMLSNFGYPGYQSKHYACIRQKG,1,satpdb_1
5629,GLLQTIKEKLESLESLAKGIVSGIQA,1,satpdb_1
5630,KWKLFKKIGIGKFLHSAKKF,1,satpdb_1
5631,MPKEKVFLKIEKMGRNIRN,1,satpdb_1
5632,KWKKLLKKPPPLLKKLLKKL,1,satpdb_1
5633,GTFPCGESCVFIPCLTSAIGCSCKSKVCYKN,1,satpdb_1
5634,IPCGESCVWIPCISGMFGCSCKDKVCYS,1,satpdb_1
5635,RGDLLRHVVKILEKYL,1,satpdb_1
5636,NVWKKILGKIIKVVK,1,satpdb_1
5637,NGREACLDPEAPMVQKIVQKMLKG,1,satpdb_1
5638,FKCRRWQWRMKKLGA,1,satpdb_1
5639,KWKSFAKTFKSAKKTVLHTALKAISS,1,satpdb_1
5640,VNWKKVLGKIIKVAK,1,satpdb_1
5641,CLWMDWVTEKNINGHQAKFFAC,1,satpdb_1
5642,VNWKKILGKIIKVAK,1,satpdb_1
5643,KWKLFKKIPKFLHSAKKF,1,satpdb_1
5644,FLSLIPSLVGGSISAFK,1,satpdb_1
5645,PAWAKAFRAAARMKLKAA,1,satpdb_1
5646,FKCRRWQWRMKK,1,satpdb_1
5647,CKGRGKRCREKQRPSDKPRR,1,satpdb_1
5648,GIPCGESCVFIPCITAAIGCSCKSKVCYRN,1,satpdb_1
5649,KILRGVCKKIMRTFLRRISKDILTGKK,1,satpdb_1
5650,VAKLLAKALKKLL,1,satpdb_1
5651,GLFDIVKKIAGHIASSI,1,satpdb_1
5652,KTCENLADTFRGPCFATSNC,1,satpdb_1
5653,GLPVCGETCVGGTCNTPGCACSWPVCTRN,1,satpdb_1
5654,GIIKKIIKKIIKKI,1,satpdb_1
5655,FAKLLAKLAKAKL,1,satpdb_1
5656,GFGMALKLLKKVL,1,satpdb_1
5657,GLFAVIKKVASVIKKL,1,satpdb_1
5658,ITMQGIQGQKIRMIMF,1,satpdb_1
5659,ILPILSLIGGLLGK,1,satpdb_1
5660,GGWSHWSPWSS,1,satpdb_1
5661,FALALKLAKKL,1,satpdb_1
5662,STNITVTLKKFPL,1,satpdb_1
5663,KWKSFLKTFKSAKKTVLHTLLKAISS,1,satpdb_1
5664,KILRGVAKKIMRTFLRRISKDILTGKK,1,satpdb_1
5665,YKQCHKKGGHCFPKEKICLPPSSDFGKMDCRWRWKCCKKGSG,1,satpdb_1
5666,KWKLFKKIPHLAKKF,1,satpdb_1
5667,FAKLLAKLAKKAL,1,satpdb_1
5668,NITVTLKKFPL,1,satpdb_1
5669,AKKVSKRLEKLFSKIQNDK,1,satpdb_1
5670,GWKSVFRKAKKVGKTVGGLALDHYL,1,satpdb_1
5671,FAKLLAKAFKKAL,1,satpdb_1
5672,QPWSQCSATCGDGVRERRR,1,satpdb_1
5673,KWKLFAKIGIGKFLHLAKKF,1,satpdb_1
5674,LKLLKKLLKKLLKLL,1,satpdb_1
5675,YCNIHQVCHYAQRNDRSYWL,1,satpdb_1
5676,KAAKKWAKAAKKWAKAWKKAA,1,satpdb_1
5677,GMWSKILGHLIR,1,satpdb_1
5678,CETWRTETTGATGQASSLLSGRLLEQKAASCHNSYIVLCIENSFMTSFSK,1,satpdb_1
5679,GIGKFLHAAKKFAKAFVAEIMNS,1,satpdb_1
5680,DGGWSHWSPWSSC,1,satpdb_1
5681,KGRGKRRREKQRPSDKP,1,satpdb_1
5682,QPWGTCSESCGKGTQTRAR,1,satpdb_1
5683,LIAHNQVRQV,1,satpdb_1
5684,LLGDFFRKSKEKIGKEFKRIVQRIKDFLRNLVPRTES,1,satpdb_1
5685,CAHNLTHAC,1,satpdb_1
5686,FCNINNVCNFASRNDYSYW,1,satpdb_1
5687,GIIKKIIIKKIIIKKI,1,satpdb_1
5688,FAKLLAKLAKKGL,1,satpdb_1
5689,DLWIRETLTSPKSLID,1,satpdb_1
5690,FCTCNVKGFNAKNKRGIIYP,1,satpdb_1
5691,FLIGMTQGLICLITRKC,1,satpdb_1
5692,FLGALFKALSKLL,1,satpdb_1
5693,MDSNKDERAYAQWVIIILHNVGSSPFKIANLGLSWGKLYADGNKDKEVYP,1,satpdb_1
5694,KFFRKLKKSVKKRAKEFFKKPRVIGVSIPF,1,satpdb_1
5695,TSWSPCSASCGGGHYQRTR,1,satpdb_1
5696,CHHNATHAC,1,satpdb_1
5697,GIPCAESCVWIPPCTITALMGCSCKNNVCYNN,1,satpdb_1
5698,FALLKL,1,satpdb_1
5699,KAKLAKKALAKLL,1,satpdb_1
5700,TGALVEEEDPF,1,satpdb_1
5701,RQVFQVAYIIIKA,1,satpdb_1
5702,QQMNQKDFLSLIVS,1,satpdb_1
5703,RRRRRRRRGEDIIRNIARHLAQVGDSMDR,1,satpdb_1
5704,PAWRKAFRWAKRMLKKAA,1,satpdb_1
5705,FAKKLAKKLKKLAKKLAKLAKKL,1,satpdb_1
5706,FAKALAKLAKKLL,1,satpdb_1
5707,FLKLLKKLAAKFLPTIICKISYKC,1,satpdb_1
5708,RLFDKIRQVIRKF,1,satpdb_1
5709,SKWQHQQDSCRKQLQGVNLTPCEKHIMEKIQGRGDDDDDDDDD,1,satpdb_1
5710,GMWSKILKHLIR,1,satpdb_1
5711,KRRREKQRPCDKPRR,1,satpdb_1
5712,VGSGGCMFGNGK,1,satpdb_1
5713,AAWKWAWAKKWAKAKKWAKAA,1,satpdb_1
5714,GLFAVIKKVASVIKGL,1,satpdb_1
5715,KWKLFKKIGAVLKVL,1,satpdb_1
5716,PRFWEAWLRLME,1,satpdb_1
5717,GLLSVLGSVVKHVIPHVVPVIAEHL,1,satpdb_1
5718,RSTEDIIKSISGGGFLNAMNA,1,satpdb_1
5719,FAKKLKKLAKKL,1,satpdb_1
5720,FALAKKALKKAKKAL,1,satpdb_1
5721,LLRHVVKILSKYL,1,satpdb_1
5722,VAKLLAKLAKKLL,1,satpdb_1
5723,KSCCPNTTGRNIYNTCRFAGGSRERCAKLSGCKIISASTCPSDYPK,1,satpdb_1
5724,SQWSPCSRTCGGGVSFRER,1,satpdb_1
5725,FVKLKKILNIILSIFKK,1,satpdb_1
5726,GRRKRKWLRRIGKGVKIIGGAALDHL,1,satpdb_1
5727,RRPKGRGKRRREKQRPDAVPRR,1,satpdb_1
5728,GWKKWLRKGAKHLGQAAIKGLAS,1,satpdb_1
5729,FALALKALKKL,1,satpdb_1
5730,PAWRKAARWAWRMLKKAA,1,satpdb_1
5731,GLFDVIKKVAAVIGGL,1,satpdb_1
5732,GRFKRFRKKFKKLFKKLSPVIPLLHLG,1,satpdb_1
5733,GVPCAESCVWIPCTVTALLGCSCKDKVCYLN,1,satpdb_1
5734,WALAL,1,satpdb_1
5735,GIGKFLHSAKKFAKAFVAEIMNS,1,satpdb_1
5736,GLFDVIKKVASVIKKL,1,satpdb_1
5737,NGKQVCLDPEAPFLKKVIQKILDS,1,satpdb_1
5738,GLFAVIKKVAAVIKKL,1,satpdb_1
5739,LPGLTGSKGVRGISGLPGFSG,1,satpdb_1
5740,GIIKKIIIKKI,1,satpdb_1
5741,KKALKHALAKWLPALKALAHKLAKK,1,satpdb_1
5742,KKVVFKVKFK,1,satpdb_1
5743,SPNITVTLKKFPL,1,satpdb_1
5744,PRFWEYWLALME,1,satpdb_1
5745,PAARKAARWAWRMLKKGA,1,satpdb_1
5746,FVDLKKIANIINSIF,1,satpdb_1
5747,SKWSECSRTCGGGVKFQER,1,satpdb_1
5748,AKKVFKRLEKLFSKIWNWK,1,satpdb_1
5749,VAKFLAKFLKKAL,1,satpdb_1
5750,FGKGIGKVGKKLL,1,satpdb_1
5751,HKLINTEGHHS,1,satpdb_1
5752,PAWRKAFRWAWRMLKKAA,1,satpdb_1
5753,KWKWKW,1,satpdb_1
5754,VNWKKILKKIIKVVK,1,satpdb_1
5755,YCNINEVCHYARRNDKSYWL,1,satpdb_1
5756,FLPIIAGIAAKFLPKIFCTISKKC,1,satpdb_1
5757,FAKKLAKKLAKAAL,1,satpdb_1
5758,GLFDIVKKVVGAIGSL,1,satpdb_1
5759,FAKFLAKFLKKAL,1,satpdb_1
5760,FG,1,satpdb_1
5761,HGSTTLRDITV,1,satpdb_1
5762,LGTNPLKSSGIE,1,satpdb_1
5763,FLGWLFKWAKK,1,satpdb_1
5764,RPFVEMYSEIPE,1,satpdb_1
5765,FAKKLAKLAKKL,1,satpdb_1
5766,MWKEFHNVLSSGQLLADKRWARWYNRW,1,satpdb_1
5767,FAKKLAKALL,1,satpdb_1
5768,GFGALFKFLAKKVAKTVAKQAAKQGAKYVVNKQME,1,satpdb_1
5769,KKKFPWWWPFKKKCKKKFPWWWPFKKKC,1,satpdb_1
5770,FAKLLAKLAK,1,satpdb_1
5771,GYCSWYRGWAPPDKSIINATDP,1,satpdb_1
5772,VNWKKILAKIIKVVK,1,satpdb_1
5773,KWKLFKKIGIGKFKLAKKF,1,satpdb_1
5774,FKLFKKIPKFLHLAKKF,1,satpdb_1
5775,MWKWFHNVLSSWQLLADKRPARDYNRK,1,satpdb_1
5776,SPWSPCSTSCGLGVSTR,1,satpdb_1
5777,KWKSFAKTFKSAKKTVAHTALKAISS,1,satpdb_1
5778,LGGIVSAVKKIVDFLG,1,satpdb_1
5779,MPKWKVFKKIEKVGRNIRNGIVKAGPAIAVLGEAKALG,1,satpdb_1
5780,MRGIRGADFQAFQQARAVGLAGTFR,1,satpdb_1
5781,GLFDVVKGVLKGVGKNVAGSLLEQLKCKLSGGC,1,satpdb_1
5782,GKWMSLLKHIWK,1,satpdb_1
5783,KWKLFKKIPLKKF,1,satpdb_1
5784,FLGGLIKIVPAMICAVTKKC,1,satpdb_1
5785,AAPFLECQGRQGTCHFFAN,1,satpdb_1
5786,FVKLKKIANIINSIFKK,1,satpdb_1
5787,EIPSCESSASPDQSDSSVPPEE,1,satpdb_1
5788,DPFFKVPVNKLAAAVSNFGYDLYRVRSSTSPTTN,1,satpdb_1
5789,PAWRKARRWARRMKKLAA,1,satpdb_1
5790,GLFDIVKKVVGAFGS,1,satpdb_1
5791,FALKALKKAL,1,satpdb_1
5792,FKVKFKVKVK,1,satpdb_1
5793,TPATPTVAQFVIQGSTICLVC,1,satpdb_1
5794,FAKLLAKALKKL,1,satpdb_1
5795,VG,1,satpdb_1
5796,KWCFRVCYRGICYRRCR,1,satpdb_1
5797,EGLPGPQGPKGFPGLPGLTG,1,satpdb_1
5798,KMWSKILGHLIR,1,satpdb_1
5799,KSCCRNTWARNCYNVCRLPGTISREICAKKCDCKIISGTTCPSDYPK,1,satpdb_1
5800,FLGMIPKLIKKLIKAFK,1,satpdb_1
5801,VALALKALKKALKKLKKALKKAL,1,satpdb_1
5802,KKKFPWWWPFKKKKKKFPWWWPFKKKK,1,satpdb_1
5803,IMRIKQGQIGQMTI,1,satpdb_1
5804,KLLLKLLKKLLKLLKKK,1,satpdb_1
5805,KWKSFLKTFKSLKKTVLHTLLKLISS,1,satpdb_1
5806,GFKRIVQRIKDFLRNLV,1,satpdb_1
5807,HTHQDFQPVLHLVALNTPLSGGMRGIR,1,satpdb_1
5808,AWYRGAAPPKQEFLDIEDP,1,satpdb_1
5809,KNWKKILGKIIKVVK,1,satpdb_1
5810,MFSPILSLEIILALATLQSVFAQPVICTTVGSAAEGS,1,satpdb_1
5811,SPWTKCSATCGGGHYMRTR,1,satpdb_1
5812,GWLKKIGKKIERVGQHTRDATIQTIGVAQQAANVAATLK,1,satpdb_1
5813,KWKKLLKKPLKLKL,1,satpdb_1
5814,FAKLLAKLAKKIL,1,satpdb_1
5815,FAKLWAKLAKKL,1,satpdb_1
5816,GKWSKILGKLIR,1,satpdb_1
5817,FFSLIPSLVGGLISAFK,1,satpdb_1
5818,ADDKNPLEEFRETNYEVFLEIAKNGLKATSNPKRVVIVGAGMAGLSAAY,1,satpdb_1
5819,VAKKLAKLAKKLAKLAL,1,satpdb_1
5820,GIIKKIIKKIIKKIIKKI,1,satpdb_1
5821,GKWKSLLKHILK,1,satpdb_1
5822,KWKLFKKIEKVGQNIRDGIIKAGPAVAVVGQATQIAK,1,satpdb_1
5823,KLLRLLKKLLRLLLK,1,satpdb_1
5824,KSCCPNTTGRNIYNTCRFAGGSRERCAKLSGCKIISAST,1,satpdb_1
5825,SPWSKCSAACGQTGVQTRTR,1,satpdb_1
5826,AKRHHGYKRKFH,1,satpdb_1
5827,KKKFPWWWPFKKK,1,satpdb_1
5828,RRRPRPPYLPRPRPPPFFPPRLPPRIPPGFPPRFPPRFP,1,satpdb_1
5829,AAVPIVNLKDELLFPSWEALFSGSE,1,satpdb_1
5830,KFKKLAKKF,1,satpdb_1
5831,QEPHRHSIFTPQTNPRADLEKN,1,satpdb_1
5832,KAKLF,1,satpdb_1
5833,KWKKLAKKW,1,satpdb_1
5834,FAKKLAKKLAKAL,1,satpdb_1
5835,SPWDICSVTCGGGVQKRSR,1,satpdb_1
5836,WDLVVVSAGVAEVGV,1,satpdb_1
5837,YLKNYRIATFKNWPF,1,satpdb_1
5838,LPRFSTMPFIYCNINEVCHY,1,satpdb_1
5839,GIFPIFAKLLGKVIKVASSLISKGRTE,1,satpdb_1
5840,INGSLDKRVQDCYHG,1,satpdb_1
5841,FAKLF,1,satpdb_1
5842,KTCENLADTY,1,satpdb_1
5843,PEWFKCRRWQWRMKKLGA,1,satpdb_1
5844,ATPATPTVAQFVIQGSTICLVC,1,satpdb_1
5845,FFHHIFRGIVHVGKTIHRLVTG,1,satpdb_1
5846,KWKLFKKIPKFLHLAK,1,satpdb_1
5847,RRQRRTSKLMKRGGKLAKLAKKLAKLAK,1,satpdb_1
5848,GIPCGESCVFIPCISSVIGCSCSSKVCYRN,1,satpdb_1
5849,TEWSACSKTCGMGISTRV,1,satpdb_1
5850,RRRRRRRRGNLWAAQRYGRELRRMSDEFVDSFKK,1,satpdb_1
5851,KSCCKNTTGRNIYNTCRFAGGSRERCAKLSGCKIISAST,1,satpdb_1
5852,GIGKFLHSAKKFGKAFVGEIMNS,1,satpdb_1
5853,CHANLTHAC,1,satpdb_1
5854,KLLKLLLKLYKKLLKLL,1,satpdb_1
5855,RYLGYL,1,satpdb_1
5856,ILPIRSLIKKLL,1,satpdb_1
5857,FAKKLAKKLKKLAKKLAKLALAL,1,satpdb_1
5858,GKGRWLERIGKAGGIIIGGALDHL,1,satpdb_1
5859,GVGSPYVSRLLGICL,1,satpdb_1
5860,TKPRKTKPRKTKPRKTKPR,1,satpdb_1
5861,VTCGDGVITR,1,satpdb_1
5862,PAARKAFRWAWRMLKKAA,1,satpdb_1
5863,KKLALALAKKWLPLAKKLALALAKK,1,satpdb_1
5864,GLFAVIKKVASVIGGL,1,satpdb_1
5865,NYQWVPYQGRVPYPRGGLLKLLKKLLKKLLKL,1,satpdb_1
5866,KAQIRAMECNIL,1,satpdb_1
5867,GLFDIVKKIAGHIVSSI,1,satpdb_1
5868,TEWSACNVRCGRGWQKRSR,1,satpdb_1
5869,GFHDHGPCDPPSHK,1,satpdb_1
5870,GLFVGVLAKVAAHVVPAIAEHF,1,satpdb_1
5871,ITSISLCTPGCKTGALMGCNMKTATCHCSIHVSK,1,satpdb_1
5872,PRFWEYALRLME,1,satpdb_1
5873,AWKKWAKAWKWAKAKWWAKAA,1,satpdb_1
5874,GLFDIAKKVIGVIGS,1,satpdb_1
5875,KIKSCYYLPCFVTS,1,satpdb_1
5876,FLGLLFHGVHHVGKWIHGLIHGHH,1,satpdb_1
5877,GIPCGESCVFIPCITGAIGCSCKSKVCYRN,1,satpdb_1
5878,FAKLLAKALKLKL,1,satpdb_1
5879,ALARQPLTGSPPNERAFFCSSLRR,1,satpdb_1
5880,VNWRRILGRIIRVVR,1,satpdb_1
5881,TFRAFLSSRLQDLYSIVRRADRAAV,1,satpdb_1
5882,HHPHGHHPHGHHPHGHHPHG,1,satpdb_1
5883,FAKLLAKLAKLKL,1,satpdb_1
5884,PGLGFY,1,satpdb_1
5885,RCRLAERRQIAK,1,satpdb_1
5886,GFVDFLKKVAGTIANVVT,1,satpdb_1
5887,FKDLKKIANIINSIFKK,1,satpdb_1
5888,KLLKKPLKLKL,1,satpdb_1
5889,NGRKISLDLRAPLYKKIIKKLLES,1,satpdb_1
5890,MDSNKDERAYAQWVIIILHNVGSSPFKIANLGLSWGKLYADGNKDKEVY,1,satpdb_1
5891,VRSCMFGNGK,1,satpdb_1
5892,IGKEFKRIVQRIKDFLRNLVPRTES,1,satpdb_1
5893,GFSSIFRGVAKFASKGLGKDLAKLGVDLVACKISKQC,1,satpdb_1
5894,GLVGTLLGHIGKAILS,1,satpdb_1
5895,GLFGVLGSIAKHVLPHVVPVIAEK,1,satpdb_1
5896,SPWDIASVTAGGVQKRS,1,satpdb_1
5897,KGRGKRRREKQRPCDKPRR,1,satpdb_1
5898,GWKKWLRKGAKHLGQAAIK,1,satpdb_1
5899,RRPAAAGKRRREKQRPSDKPRR,1,satpdb_1
5900,FALAAKALKKLAKKLKKLAKKAL,1,satpdb_1
5901,GIACGESCVFLGCFIPGCSCKSKVCYFN,1,satpdb_1
5902,VV,1,satpdb_1
5903,YGRKKRRQRRRREADFFWSLCTADMS,1,satpdb_1
5904,KWKLFKKIPLAKKF,1,satpdb_1
5905,WRWRWRWRW,1,satpdb_1
5906,FALALKALKKALKKLKKALKKAL,1,satpdb_1
5907,ETFSDWWKLLAE,1,satpdb_1
5908,PTGERLRTCERLSYP,1,satpdb_1
5909,SVSGGGHHHHHHGGG,1,satpdb_1
5910,RLGDGCTR,1,satpdb_1
5911,DDDDDNDKIPDDRDN,1,satpdb_1
5912,MRKWFHNVLSSGQLLADKWPAWDYNRK,1,satpdb_1
5913,TEWTACSKSCGMGFSTRV,1,satpdb_1
5914,WTRCSSSCGRGVSVRSR,1,satpdb_1
5915,KAAKKAWKWAKKAAKWAKKAA,1,satpdb_1
5916,GRKKRRQRRR,1,satpdb_1
5917,KWKSFLKTFKSAKKTVLHTALKAISS,1,satpdb_1
5918,GIPCGESCVWIPCISSAIGCSCKSKVCYRN,1,satpdb_1
5919,KILRGVAKKIMRTFLRRISKKILTGKK,1,satpdb_1
5920,TESYFVFSVGM,1,satpdb_1
5921,AAKKWAKAKWAKAKKWAKAA,1,satpdb_1
5922,KWKSFLKTFKSAKKTVAHTALKAISS,1,satpdb_1
5923,LLAGLAANFLPTIICKISYKC,1,satpdb_1
5924,DGRKICLDPDAPRIKKIVQKKL,1,satpdb_1
5925,FAKLA,1,satpdb_1
5926,VAKALKALLKALKAL,1,satpdb_1
5927,WAIVLL,1,satpdb_1
5928,TAGIKLTVPIEKFPVTTQTFWG,1,satpdb_1
5929,GLFKVLGSVAKHLLPHVAPVIAEK,1,satpdb_1
5930,FKRIVQRIKDFLR,1,satpdb_1
5931,ALWKTMLKKLGTMALHAGKAALGAAADTISQGTQ,1,satpdb_1
5932,GMWSKLLGHLLR,1,satpdb_1
5933,NGKKACLNPASPMVQKIIEKIL,1,satpdb_1
5934,FALALKALKKAL,1,satpdb_1
5935,QICKAPSQTFPGLCFMDSSCRKYCIKEKFTGGHCSKLQRKCLCTKPC,1,satpdb_1
5936,KLCGETCFKFKCYTPGCSCSYPFCK,1,satpdb_1
5937,VIFEWTLLQVLSESDQDQSLEVFLT,1,satpdb_1
5938,FALALKALKK,1,satpdb_1
5939,KWKLFKKIPKFLHLAKK,1,satpdb_1
5940,VNWKKILPKIIKVVK,1,satpdb_1
5941,KKLALALAKKWLALAKKLALALAKK,1,satpdb_1
5942,HSHRDFQPVLHLVALNSPLSGGMRG,1,satpdb_1
5943,KWKLFKKIGIGAFLHSAKKF,1,satpdb_1
5944,GLLDIVKKVVGAFGSL,1,satpdb_1
5945,GFKMALKLLKKVL,1,satpdb_1
5946,LLDVLLE,1,satpdb_1
5947,INLEACLGRTLMD,1,satpdb_1
5948,GKWKKILGKLIR,1,satpdb_1
5949,LRSRGELVAKFLAGEQSPEDYVAE,1,satpdb_1
5950,LLGDFFRKSKEK,1,satpdb_1
5951,FLPILASLAAKFGPKLFCLVTKKC,1,satpdb_1
5952,FAKKLAKLAKKLAKLAL,1,satpdb_1
5953,GWRTLLKKAEVKTVGKLALKHYL,1,satpdb_1
5954,GRRRRSVQWCAVSQPEATKCFQWQRNMRKVRGPPVSCIKRDSPIQCIQA,1,satpdb_1
5955,GWKDWFRKAKKVGKTVGGLALNHYL,1,satpdb_1
5956,FLPIIAGVAAKVLPKIFCAISKKC,1,satpdb_1
5957,GASCGETCFTGICFTAGCSCNPWPTCTRN,1,satpdb_1
5958,AIGKFLHSAKKFGKAFVGEIMNS,1,satpdb_1
5959,FLGALFKALSHLL,1,satpdb_1
5960,PIDERLRTCERLSYP,1,satpdb_1
5961,CQNHHAKHGKVC,1,satpdb_1
5962,KWKKFLKIGIGKFLHLAKKF,1,satpdb_1
5963,KLKNFAKGVAQSLLNKASCKLSGQC,1,satpdb_1
5964,NGKEICLDPEAPFLKKVIQKILD,1,satpdb_1
5965,RRRRRNWMWC,1,satpdb_1
5966,FAKLLAKALKKLL,1,satpdb_1
5967,GRVPYPRGGLLKLLKKLLKKLLKL,1,satpdb_1
5968,DFKLFAVYIKYR,1,satpdb_1
5969,KFKKLAKKW,1,satpdb_1
5970,GVSGHGQHGVHG,1,satpdb_1
5971,GCKKWFKKAAHVGKNVGKVALNAYL,1,satpdb_1
5972,RKKRRQRRR,1,satpdb_1
5973,FLPLKKLRFGLL,1,satpdb_1
5974,RKAFRWAWRMLKKAAPSITCVR,1,satpdb_1
5975,GKFMSLLKHILK,1,satpdb_1
5976,FV,1,satpdb_1
5977,QETFSDLWKLLP,1,satpdb_1
5978,KWKLKPLLKKLLKKL,1,satpdb_1
5979,GLLGPLLKIAAKVGSNLL,1,satpdb_1
5980,CKITRCPMIPCYISSPDECLWMDWVTEKNINGHQAKFFACIKRSDGSC,1,satpdb_1
5981,KWKLFKKIKFLHSAKKF,1,satpdb_1
5982,GLPVCGETCFGGTCNTPGCTCDPWPVCTRN,1,satpdb_1
5983,ETFADWWKLLAE,1,satpdb_1
5984,INEFLERSGIPRQRNQ,1,satpdb_1
5985,LRRLLRRLLRRL,1,satpdb_1
5986,GFFALIPKIISSPLFKTLLSAVGSALSSSGGQE,1,satpdb_1
5987,FAKKFAKKFKKFAKKFAKFAFAF,1,satpdb_1
5988,FAKKALKALKKL,1,satpdb_1
5989,FAKLLAKLAKKL,1,satpdb_1
5990,KWKSFLKTFKSAKKTVAHTAAKAISS,1,satpdb_1
5991,ETFSDLWKLL,1,satpdb_1
5992,GKKLKKIGQKIKNFFQKL,1,satpdb_1
5993,KLAKLAKKLAKLAK,1,satpdb_1
5994,WKLFKKIPKFLHLAKKF,1,satpdb_1
5995,VYWKKILGKIIKVVK,1,satpdb_1
5996,KISKRILTGKK,1,satpdb_1
5997,FAKLLAKLAKK,1,satpdb_1
5998,SPSTHPNEGLEENYCRNPDN,1,satpdb_1
5999,RRPKGRGKRRREKQRP,1,satpdb_1
6000,FALKALKKLKKALKKAL,1,satpdb_1
6001,FKCRRWQWRMKKLGAPSITCVRRAF,1,satpdb_1
6002,FALALKALKKLKKALKKAL,1,satpdb_1
6003,GKWMTLLKHILK,1,satpdb_1
6004,FFSLLPSLIGGLVSAIK,1,satpdb_1
6005,YRIPIVRRLQRR,1,satpdb_1
6006,FAKALKALLKALKAL,1,satpdb_1
6007,GEYCGESCYLIPCFTPGCYCVSRQCVNKN,1,satpdb_1
6008,TAWGPCSTTCGLGMATRV,1,satpdb_1
6009,ACDCRGDCFCGGGGIVRRADRAAVP,1,satpdb_1
6010,RGFTKMPHVQIHTEASESL,1,satpdb_1
6011,FAKLLAKLAKKFAL,1,satpdb_1
6012,KTKLFKKFAKKLAKKLKKLAKKL,1,satpdb_1
6013,FAKLLAKLAKKSL,1,satpdb_1
6014,GLFDVIKKVASVIGGL,1,satpdb_1
6015,FLPLLAGLAANFLPTIICKISYKC,1,satpdb_1
6016,YHWYGYTPQNVIGGGKLLLKLLKKLLKLLKKK,1,satpdb_1
6017,FKRIVQRIKDFLRNLV,1,satpdb_1
6018,SPWSQCSVRCGRGQRSRQVR,1,satpdb_1
6019,GRKKRRQRRRGGWMWVTNLRTD,1,satpdb_1
6020,WKLFDDGV,1,satpdb_1
6021,FLSLIPKLVKKIIKAFK,1,satpdb_1
6022,KWKFKKIPKFLHLAKKF,1,satpdb_1
6023,CDSDSDITWDQLWDLMK,1,satpdb_1
6024,INLKALAALAKKIL,1,satpdb_1
6025,RRPKGRAMRREKQRPSDKPRR,1,satpdb_1
6026,LVPRGSRAGSPSGGPFCALARQPLTGARLMSGLFFALHET,1,satpdb_1
6027,GFLGILFHGVHHGRKKALHMNSERRS,1,satpdb_1
6028,FLHHIVGLIHHGLSLFGDRAD,1,satpdb_1
6029,KQLIRFLKRLDRNGGGKLLLKLLKKLLKLLKKK,1,satpdb_1
6030,PAWFKARRWAWRMKKLAA,1,satpdb_1
6031,GLPVCGETCAGGTCNTPGCSCSWPICTRN,1,satpdb_1
6032,KWFKKIPKFLHLLKKF,1,satpdb_1